node,profile,nid,spot.channel,Min time/rank,Max time/rank,Avg time/rank,Total time,Calls/rank (min),Calls/rank (avg),Calls/rank (max),Calls (total),Min time/rank (exc),Max time/rank (exc),Avg time/rank (exc),Total time (exc),name
"{'name': 'Kokkos::Cuda: backend fence after async malloc', 'type': 'function'}",1024118826,1.0,regionprofile,3.1501e-05,3.1501e-05,3.1501e-05,3.1501e-05,1.0,1.0,1.0,1.0,3.1501e-05,3.1501e-05,3.1501e-05,3.1501e-05,Kokkos::Cuda: backend fence after async malloc
"{'name': 'SharedAllocationRecord<Kokkos::CudaSpace, void>::SharedAllocationRecord(): fence after copying header from HostSpace', 'type': 'function'}",1024118826,3.0,regionprofile,0.000192668,0.000192668,0.000192668,0.000192668,12.0,12.0,12.0,12.0,0.000192668,0.000192668,0.000192668,0.000192668,"SharedAllocationRecord<Kokkos::CudaSpace, void>::SharedAllocationRecord(): fence after copying header from HostSpace"
"{'name': 'Kokkos::Tools::invoke_kokkosp_callback: Kokkos Profile Tool Fence', 'type': 'function'}",1024118826,5.0,regionprofile,0.0008978,0.0008978,0.0008978,0.0008978,81.0,81.0,81.0,81.0,0.0008978,0.0008978,0.0008978,0.0008978,Kokkos::Tools::invoke_kokkosp_callback: Kokkos Profile Tool Fence
"{'name': 'Kokkos::View::initialization [Reference View] via memset', 'type': 'function'}",1024118826,7.0,regionprofile,0.00123903,0.00123903,0.00123903,0.00123903,1.0,1.0,1.0,1.0,4.9509e-05,4.9509e-05,4.9509e-05,4.9509e-05,Kokkos::View::initialization [Reference View] via memset
"{'name': 'Kokkos::Tools::invoke_kokkosp_callback: Kokkos Profile Tool Fence', 'type': 'function'}",1024118826,8.0,regionprofile,0.00118952,0.00118952,0.00118952,0.00118952,3.0,3.0,3.0,3.0,0.00118952,0.00118952,0.00118952,0.00118952,Kokkos::Tools::invoke_kokkosp_callback: Kokkos Profile Tool Fence
"{'name': 'Kokkos::Impl::ViewValueFunctor: View init/destroy fence', 'type': 'function'}",1024118826,10.0,regionprofile,0.000242224,0.000242224,0.000242224,0.000242224,23.0,23.0,23.0,23.0,0.000242224,0.000242224,0.000242224,0.000242224,Kokkos::Impl::ViewValueFunctor: View init/destroy fence
"{'name': 'Kokkos::deep_copy: scalar copy, pre copy fence', 'type': 'function'}",1024118826,12.0,regionprofile,0.000247,0.000247,0.000247,0.000247,27.0,27.0,27.0,27.0,0.000247,0.000247,0.000247,0.000247,"Kokkos::deep_copy: scalar copy, pre copy fence"
"{'name': 'Kokkos::deep_copy: scalar copy, post copy fence', 'type': 'function'}",1024118826,14.0,regionprofile,0.00155598,0.00155598,0.00155598,0.00155598,27.0,27.0,27.0,27.0,0.00155598,0.00155598,0.00155598,0.00155598,"Kokkos::deep_copy: scalar copy, post copy fence"
"{'name': 'Kokkos::View::initialization [Reference View_mirror] via memset', 'type': 'function'}",1024118826,16.0,regionprofile,0.0827304,0.0827304,0.0827304,0.0827304,1.0,1.0,1.0,1.0,0.0826478,0.0826478,0.0826478,0.0826478,Kokkos::View::initialization [Reference View_mirror] via memset
"{'name': 'HostSpace fence', 'type': 'function'}",1024118826,17.0,regionprofile,9.216e-06,9.216e-06,9.216e-06,9.216e-06,1.0,1.0,1.0,1.0,9.216e-06,9.216e-06,9.216e-06,9.216e-06,HostSpace fence
"{'name': 'Kokkos::Tools::invoke_kokkosp_callback: Kokkos Profile Tool Fence', 'type': 'function'}",1024118826,18.0,regionprofile,7.3387e-05,7.3387e-05,7.3387e-05,7.3387e-05,3.0,3.0,3.0,3.0,7.3387e-05,7.3387e-05,7.3387e-05,7.3387e-05,Kokkos::Tools::invoke_kokkosp_callback: Kokkos Profile Tool Fence
"{'name': 'Kokkos::View::initialization [Chkpt] via memset', 'type': 'function'}",1024118826,20.0,regionprofile,0.143687,0.143687,0.143687,0.143687,4.0,4.0,4.0,4.0,0.14338,0.14338,0.14338,0.14338,Kokkos::View::initialization [Chkpt] via memset
"{'name': 'HostSpace fence', 'type': 'function'}",1024118826,21.0,regionprofile,3.0343e-05,3.0343e-05,3.0343e-05,3.0343e-05,4.0,4.0,4.0,4.0,3.0343e-05,3.0343e-05,3.0343e-05,3.0343e-05,HostSpace fence
"{'name': 'Kokkos::Tools::invoke_kokkosp_callback: Kokkos Profile Tool Fence', 'type': 'function'}",1024118826,22.0,regionprofile,0.000276715,0.000276715,0.000276715,0.000276715,12.0,12.0,12.0,12.0,0.000276715,0.000276715,0.000276715,0.000276715,Kokkos::Tools::invoke_kokkosp_callback: Kokkos Profile Tool Fence
"{'name': 'HostSpace fence', 'type': 'function'}",1024118826,24.0,regionprofile,2.8834e-05,2.8834e-05,2.8834e-05,2.8834e-05,4.0,4.0,4.0,4.0,2.8834e-05,2.8834e-05,2.8834e-05,2.8834e-05,HostSpace fence
"{'name': 'Kokkos::View::initialization [UnorderedMap - size] via memset', 'type': 'function'}",1024118826,26.0,regionprofile,8.9207e-05,8.9207e-05,8.9207e-05,8.9207e-05,1.0,1.0,1.0,1.0,4.7041e-05,4.7041e-05,4.7041e-05,4.7041e-05,Kokkos::View::initialization [UnorderedMap - size] via memset
"{'name': 'HostSpace fence', 'type': 'function'}",1024118826,27.0,regionprofile,1.3398e-05,1.3398e-05,1.3398e-05,1.3398e-05,1.0,1.0,1.0,1.0,1.3398e-05,1.3398e-05,1.3398e-05,1.3398e-05,HostSpace fence
"{'name': 'Kokkos::Tools::invoke_kokkosp_callback: Kokkos Profile Tool Fence', 'type': 'function'}",1024118826,28.0,regionprofile,2.8768e-05,2.8768e-05,2.8768e-05,2.8768e-05,3.0,3.0,3.0,3.0,2.8768e-05,2.8768e-05,2.8768e-05,2.8768e-05,Kokkos::Tools::invoke_kokkosp_callback: Kokkos Profile Tool Fence
"{'name': 'Kokkos::View::initialization [UnorderedMap - bitset] via memset', 'type': 'function'}",1024118826,30.0,regionprofile,7.1579e-05,7.1579e-05,7.1579e-05,7.1579e-05,1.0,1.0,1.0,1.0,4.1252e-05,4.1252e-05,4.1252e-05,4.1252e-05,Kokkos::View::initialization [UnorderedMap - bitset] via memset
"{'name': 'Kokkos::Tools::invoke_kokkosp_callback: Kokkos Profile Tool Fence', 'type': 'function'}",1024118826,31.0,regionprofile,3.0327e-05,3.0327e-05,3.0327e-05,3.0327e-05,3.0,3.0,3.0,3.0,3.0327e-05,3.0327e-05,3.0327e-05,3.0327e-05,Kokkos::Tools::invoke_kokkosp_callback: Kokkos Profile Tool Fence
"{'name': 'Kokkos::View::initialization [UnorderedMap - keys]', 'type': 'function'}",1024118826,33.0,regionprofile,0.000101804,0.000101804,0.000101804,0.000101804,1.0,1.0,1.0,1.0,7.017e-05,7.017e-05,7.017e-05,7.017e-05,Kokkos::View::initialization [UnorderedMap - keys]
"{'name': 'Kokkos::Tools::invoke_kokkosp_callback: Kokkos Profile Tool Fence', 'type': 'function'}",1024118826,34.0,regionprofile,3.1634e-05,3.1634e-05,3.1634e-05,3.1634e-05,3.0,3.0,3.0,3.0,3.1634e-05,3.1634e-05,3.1634e-05,3.1634e-05,Kokkos::Tools::invoke_kokkosp_callback: Kokkos Profile Tool Fence
"{'name': 'Kokkos::View::initialization [UnorderedMap - values]', 'type': 'function'}",1024118826,36.0,regionprofile,7.7561e-05,7.7561e-05,7.7561e-05,7.7561e-05,1.0,1.0,1.0,1.0,4.6859e-05,4.6859e-05,4.6859e-05,4.6859e-05,Kokkos::View::initialization [UnorderedMap - values]
"{'name': 'Kokkos::Tools::invoke_kokkosp_callback: Kokkos Profile Tool Fence', 'type': 'function'}",1024118826,37.0,regionprofile,3.0702e-05,3.0702e-05,3.0702e-05,3.0702e-05,3.0,3.0,3.0,3.0,3.0702e-05,3.0702e-05,3.0702e-05,3.0702e-05,Kokkos::Tools::invoke_kokkosp_callback: Kokkos Profile Tool Fence
"{'name': 'Kokkos::View::initialization [UnorderedMap - scalars] via memset', 'type': 'function'}",1024118826,39.0,regionprofile,6.8095e-05,6.8095e-05,6.8095e-05,6.8095e-05,1.0,1.0,1.0,1.0,3.8439e-05,3.8439e-05,3.8439e-05,3.8439e-05,Kokkos::View::initialization [UnorderedMap - scalars] via memset
"{'name': 'Kokkos::Tools::invoke_kokkosp_callback: Kokkos Profile Tool Fence', 'type': 'function'}",1024118826,40.0,regionprofile,2.9656e-05,2.9656e-05,2.9656e-05,2.9656e-05,3.0,3.0,3.0,3.0,2.9656e-05,2.9656e-05,2.9656e-05,2.9656e-05,Kokkos::Tools::invoke_kokkosp_callback: Kokkos Profile Tool Fence
"{'name': 'Kokkos::ViewFill-1D', 'type': 'function'}",1024118826,42.0,regionprofile,0.000139564,0.000139564,0.000139564,0.000139564,2.0,2.0,2.0,2.0,8.1811e-05,8.1811e-05,8.1811e-05,8.1811e-05,Kokkos::ViewFill-1D
"{'name': 'Kokkos::Tools::invoke_kokkosp_callback: Kokkos Profile Tool Fence', 'type': 'function'}",1024118826,43.0,regionprofile,5.7753e-05,5.7753e-05,5.7753e-05,5.7753e-05,6.0,6.0,6.0,6.0,5.7753e-05,5.7753e-05,5.7753e-05,5.7753e-05,Kokkos::Tools::invoke_kokkosp_callback: Kokkos Profile Tool Fence
"{'name': 'Kokkos::View::initialization [Vector] via memset', 'type': 'function'}",1024118826,45.0,regionprofile,0.000129856,0.000129856,0.000129856,0.000129856,2.0,2.0,2.0,2.0,7.3239e-05,7.3239e-05,7.3239e-05,7.3239e-05,Kokkos::View::initialization [Vector] via memset
"{'name': 'Kokkos::Tools::invoke_kokkosp_callback: Kokkos Profile Tool Fence', 'type': 'function'}",1024118826,46.0,regionprofile,5.6617e-05,5.6617e-05,5.6617e-05,5.6617e-05,6.0,6.0,6.0,6.0,5.6617e-05,5.6617e-05,5.6617e-05,5.6617e-05,Kokkos::Tools::invoke_kokkosp_callback: Kokkos Profile Tool Fence
"{'name': 'Kokkos::View::initialization [Vector length] via memset', 'type': 'function'}",1024118826,48.0,regionprofile,0.000128999,0.000128999,0.000128999,0.000128999,2.0,2.0,2.0,2.0,7.2411e-05,7.2411e-05,7.2411e-05,7.2411e-05,Kokkos::View::initialization [Vector length] via memset
"{'name': 'Kokkos::Tools::invoke_kokkosp_callback: Kokkos Profile Tool Fence', 'type': 'function'}",1024118826,49.0,regionprofile,5.6588e-05,5.6588e-05,5.6588e-05,5.6588e-05,6.0,6.0,6.0,6.0,5.6588e-05,5.6588e-05,5.6588e-05,5.6588e-05,Kokkos::Tools::invoke_kokkosp_callback: Kokkos Profile Tool Fence
"{'name': 'Kokkos::View::initialization [Vector_mirror] via memset', 'type': 'function'}",1024118826,51.0,regionprofile,0.000148834,0.000148834,0.000148834,0.000148834,2.0,2.0,2.0,2.0,7.9244e-05,7.9244e-05,7.9244e-05,7.9244e-05,Kokkos::View::initialization [Vector_mirror] via memset
"{'name': 'HostSpace fence', 'type': 'function'}",1024118826,52.0,regionprofile,1.5464e-05,1.5464e-05,1.5464e-05,1.5464e-05,2.0,2.0,2.0,2.0,1.5464e-05,1.5464e-05,1.5464e-05,1.5464e-05,HostSpace fence
"{'name': 'Kokkos::Tools::invoke_kokkosp_callback: Kokkos Profile Tool Fence', 'type': 'function'}",1024118826,53.0,regionprofile,5.4126e-05,5.4126e-05,5.4126e-05,5.4126e-05,6.0,6.0,6.0,6.0,5.4126e-05,5.4126e-05,5.4126e-05,5.4126e-05,Kokkos::Tools::invoke_kokkosp_callback: Kokkos Profile Tool Fence
"{'name': 'Kokkos::View::initialization [Vector length_mirror] via memset', 'type': 'function'}",1024118826,55.0,regionprofile,0.000147316,0.000147316,0.000147316,0.000147316,2.0,2.0,2.0,2.0,7.8378e-05,7.8378e-05,7.8378e-05,7.8378e-05,Kokkos::View::initialization [Vector length_mirror] via memset
"{'name': 'HostSpace fence', 'type': 'function'}",1024118826,56.0,regionprofile,1.5081e-05,1.5081e-05,1.5081e-05,1.5081e-05,2.0,2.0,2.0,2.0,1.5081e-05,1.5081e-05,1.5081e-05,1.5081e-05,HostSpace fence
"{'name': 'Kokkos::Tools::invoke_kokkosp_callback: Kokkos Profile Tool Fence', 'type': 'function'}",1024118826,57.0,regionprofile,5.3857e-05,5.3857e-05,5.3857e-05,5.3857e-05,6.0,6.0,6.0,6.0,5.3857e-05,5.3857e-05,5.3857e-05,5.3857e-05,Kokkos::Tools::invoke_kokkosp_callback: Kokkos Profile Tool Fence
"{'name': 'Restore Tree', 'type': 'function'}",1024118826,59.0,regionprofile,0.441616,0.441616,0.441616,0.441616,1.0,1.0,1.0,1.0,0.00513167,0.00513167,0.00513167,0.00513167,Restore Tree
"{'name': 'Kokkos::Cuda: backend fence after async malloc', 'type': 'function'}",1024118826,60.0,regionprofile,2.0243e-05,2.0243e-05,2.0243e-05,2.0243e-05,1.0,1.0,1.0,1.0,2.0243e-05,2.0243e-05,2.0243e-05,2.0243e-05,Kokkos::Cuda: backend fence after async malloc
"{'name': 'SharedAllocationRecord<Kokkos::CudaSpace, void>::SharedAllocationRecord(): fence after copying header from HostSpace', 'type': 'function'}",1024118826,61.0,regionprofile,2.8291e-05,2.8291e-05,2.8291e-05,2.8291e-05,2.0,2.0,2.0,2.0,2.8291e-05,2.8291e-05,2.8291e-05,2.8291e-05,"SharedAllocationRecord<Kokkos::CudaSpace, void>::SharedAllocationRecord(): fence after copying header from HostSpace"
"{'name': 'Kokkos::Tools::invoke_kokkosp_callback: Kokkos Profile Tool Fence', 'type': 'function'}",1024118826,62.0,regionprofile,0.000197092,0.000197092,0.000197092,0.000197092,21.0,21.0,21.0,21.0,0.000197092,0.000197092,0.000197092,0.000197092,Kokkos::Tools::invoke_kokkosp_callback: Kokkos Profile Tool Fence
"{'name': 'Kokkos::View::initialization [Buffer] via memset', 'type': 'function'}",1024118826,63.0,regionprofile,0.000336509,0.000336509,0.000336509,0.000336509,1.0,1.0,1.0,1.0,4.3297e-05,4.3297e-05,4.3297e-05,4.3297e-05,Kokkos::View::initialization [Buffer] via memset
"{'name': 'Kokkos::Tools::invoke_kokkosp_callback: Kokkos Profile Tool Fence', 'type': 'function'}",1024118826,64.0,regionprofile,0.000293212,0.000293212,0.000293212,0.000293212,3.0,3.0,3.0,3.0,0.000293212,0.000293212,0.000293212,0.000293212,Kokkos::Tools::invoke_kokkosp_callback: Kokkos Profile Tool Fence
"{'name': 'Kokkos::Impl::ViewValueFunctor: View init/destroy fence', 'type': 'function'}",1024118826,65.0,regionprofile,2.5793e-05,2.5793e-05,2.5793e-05,2.5793e-05,2.0,2.0,2.0,2.0,2.5793e-05,2.5793e-05,2.5793e-05,2.5793e-05,Kokkos::Impl::ViewValueFunctor: View init/destroy fence
"{'name': 'Kokkos::deep_copy: scalar copy, pre copy fence', 'type': 'function'}",1024118826,66.0,regionprofile,5.5773e-05,5.5773e-05,5.5773e-05,5.5773e-05,6.0,6.0,6.0,6.0,5.5773e-05,5.5773e-05,5.5773e-05,5.5773e-05,"Kokkos::deep_copy: scalar copy, pre copy fence"
"{'name': 'Kokkos::deep_copy: scalar copy, post copy fence', 'type': 'function'}",1024118826,67.0,regionprofile,0.000315916,0.000315916,0.000315916,0.000315916,6.0,6.0,6.0,6.0,0.000315916,0.000315916,0.000315916,0.000315916,"Kokkos::deep_copy: scalar copy, post copy fence"
"{'name': 'Kokkos::View::initialization [Bytes restored] via memset', 'type': 'function'}",1024118826,68.0,regionprofile,6.7898e-05,6.7898e-05,6.7898e-05,6.7898e-05,1.0,1.0,1.0,1.0,3.845e-05,3.845e-05,3.845e-05,3.845e-05,Kokkos::View::initialization [Bytes restored] via memset
"{'name': 'Kokkos::Tools::invoke_kokkosp_callback: Kokkos Profile Tool Fence', 'type': 'function'}",1024118826,69.0,regionprofile,2.9448e-05,2.9448e-05,2.9448e-05,2.9448e-05,3.0,3.0,3.0,3.0,2.9448e-05,2.9448e-05,2.9448e-05,2.9448e-05,Kokkos::Tools::invoke_kokkosp_callback: Kokkos Profile Tool Fence
"{'name': 'Restore diff 3', 'type': 'function'}",1024118826,70.0,regionprofile,0.0427116,0.0427116,0.0427116,0.0427116,1.0,1.0,1.0,1.0,0.000200445,0.000200445,0.000200445,0.000200445,Restore diff 3
"{'name': 'Kokkos::Tools::invoke_kokkosp_callback: Kokkos Profile Tool Fence', 'type': 'function'}",1024118826,71.0,regionprofile,0.000164082,0.000164082,0.000164082,0.000164082,18.0,18.0,18.0,18.0,0.000164082,0.000164082,0.000164082,0.000164082,Kokkos::Tools::invoke_kokkosp_callback: Kokkos Profile Tool Fence
"{'name': 'Restore diff 3:Read diff', 'type': 'function'}",1024118826,72.0,regionprofile,0.000118854,0.000118854,0.000118854,0.000118854,1.0,1.0,1.0,1.0,6.248e-05,6.248e-05,6.248e-05,6.248e-05,Restore diff 3:Read diff
"{'name': 'Kokkos::fence: Unnamed Global Fence', 'type': 'function'}",1024118826,73.0,regionprofile,2.8947e-05,2.8947e-05,2.8947e-05,2.8947e-05,3.0,3.0,3.0,3.0,2.8947e-05,2.8947e-05,2.8947e-05,2.8947e-05,Kokkos::fence: Unnamed Global Fence
"{'name': 'Kokkos::Tools::invoke_kokkosp_callback: Kokkos Profile Tool Fence', 'type': 'function'}",1024118826,74.0,regionprofile,2.7427e-05,2.7427e-05,2.7427e-05,2.7427e-05,3.0,3.0,3.0,3.0,2.7427e-05,2.7427e-05,2.7427e-05,2.7427e-05,Kokkos::Tools::invoke_kokkosp_callback: Kokkos Profile Tool Fence
"{'name': 'Restore diff 3:Setup', 'type': 'function'}",1024118826,75.0,regionprofile,0.0295017,0.0295017,0.0295017,0.0295017,1.0,1.0,1.0,1.0,0.0262335,0.0262335,0.0262335,0.0262335,Restore diff 3:Setup
"{'name': 'Kokkos::deep_copy: copy between contiguous views, pre view equality check', 'type': 'function'}",1024118826,76.0,regionprofile,2.8952e-05,2.8952e-05,2.8952e-05,2.8952e-05,3.0,3.0,3.0,3.0,2.8952e-05,2.8952e-05,2.8952e-05,2.8952e-05,"Kokkos::deep_copy: copy between contiguous views, pre view equality check"
"{'name': 'Kokkos::deep_copy: copy between contiguous views, post deep copy fence', 'type': 'function'}",1024118826,77.0,regionprofile,5.4748e-05,5.4748e-05,5.4748e-05,5.4748e-05,3.0,3.0,3.0,3.0,5.4748e-05,5.4748e-05,5.4748e-05,5.4748e-05,"Kokkos::deep_copy: copy between contiguous views, post deep copy fence"
"{'name': 'Kokkos::fence: Unnamed Global Fence', 'type': 'function'}",1024118826,78.0,regionprofile,2.9303e-05,2.9303e-05,2.9303e-05,2.9303e-05,3.0,3.0,3.0,3.0,2.9303e-05,2.9303e-05,2.9303e-05,2.9303e-05,Kokkos::fence: Unnamed Global Fence
"{'name': 'Kokkos::Cuda: backend fence after async malloc', 'type': 'function'}",1024118826,79.0,regionprofile,0.000203292,0.000203292,0.000203292,0.000203292,13.0,13.0,13.0,13.0,0.000203292,0.000203292,0.000203292,0.000203292,Kokkos::Cuda: backend fence after async malloc
"{'name': 'SharedAllocationRecord<Kokkos::CudaSpace, void>::SharedAllocationRecord(): fence after copying header from HostSpace', 'type': 'function'}",1024118826,80.0,regionprofile,0.000210352,0.000210352,0.000210352,0.000210352,16.0,16.0,16.0,16.0,0.000210352,0.000210352,0.000210352,0.000210352,"SharedAllocationRecord<Kokkos::CudaSpace, void>::SharedAllocationRecord(): fence after copying header from HostSpace"
"{'name': 'Kokkos::Tools::invoke_kokkosp_callback: Kokkos Profile Tool Fence', 'type': 'function'}",1024118826,81.0,regionprofile,0.00057905,0.00057905,0.00057905,0.00057905,63.0,63.0,63.0,63.0,0.00057905,0.00057905,0.00057905,0.00057905,Kokkos::Tools::invoke_kokkosp_callback: Kokkos Profile Tool Fence
"{'name': 'Kokkos::View::initialization [List of NodeIDs]', 'type': 'function'}",1024118826,82.0,regionprofile,8.7208e-05,8.7208e-05,8.7208e-05,8.7208e-05,1.0,1.0,1.0,1.0,5.4568e-05,5.4568e-05,5.4568e-05,5.4568e-05,Kokkos::View::initialization [List of NodeIDs]
"{'name': 'Kokkos::Tools::invoke_kokkosp_callback: Kokkos Profile Tool Fence', 'type': 'function'}",1024118826,83.0,regionprofile,3.264e-05,3.264e-05,3.264e-05,3.264e-05,3.0,3.0,3.0,3.0,3.264e-05,3.264e-05,3.264e-05,3.264e-05,Kokkos::Tools::invoke_kokkosp_callback: Kokkos Profile Tool Fence
"{'name': 'Kokkos::Impl::ViewValueFunctor: View init/destroy fence', 'type': 'function'}",1024118826,84.0,regionprofile,0.000154385,0.000154385,0.000154385,0.000154385,13.0,13.0,13.0,13.0,0.000154385,0.000154385,0.000154385,0.000154385,Kokkos::Impl::ViewValueFunctor: View init/destroy fence
"{'name': 'Kokkos::deep_copy: scalar copy, pre copy fence', 'type': 'function'}",1024118826,85.0,regionprofile,0.000162883,0.000162883,0.000162883,0.000162883,18.0,18.0,18.0,18.0,0.000162883,0.000162883,0.000162883,0.000162883,"Kokkos::deep_copy: scalar copy, pre copy fence"
"{'name': 'Kokkos::ViewFill-1D', 'type': 'function'}",1024118826,86.0,regionprofile,0.000481552,0.000481552,0.000481552,0.000481552,5.0,5.0,5.0,5.0,0.000266648,0.000266648,0.000266648,0.000266648,Kokkos::ViewFill-1D
"{'name': 'Kokkos::Tools::invoke_kokkosp_callback: Kokkos Profile Tool Fence', 'type': 'function'}",1024118826,87.0,regionprofile,0.000214904,0.000214904,0.000214904,0.000214904,15.0,15.0,15.0,15.0,0.000214904,0.000214904,0.000214904,0.000214904,Kokkos::Tools::invoke_kokkosp_callback: Kokkos Profile Tool Fence
"{'name': 'Kokkos::deep_copy: scalar copy, post copy fence', 'type': 'function'}",1024118826,88.0,regionprofile,0.000163342,0.000163342,0.000163342,0.000163342,18.0,18.0,18.0,18.0,0.000163342,0.000163342,0.000163342,0.000163342,"Kokkos::deep_copy: scalar copy, post copy fence"
"{'name': 'Kokkos::View::initialization [Write counter] via memset', 'type': 'function'}",1024118826,89.0,regionprofile,6.9821e-05,6.9821e-05,6.9821e-05,6.9821e-05,1.0,1.0,1.0,1.0,4.0168e-05,4.0168e-05,4.0168e-05,4.0168e-05,Kokkos::View::initialization [Write counter] via memset
"{'name': 'Kokkos::Tools::invoke_kokkosp_callback: Kokkos Profile Tool Fence', 'type': 'function'}",1024118826,90.0,regionprofile,2.9653e-05,2.9653e-05,2.9653e-05,2.9653e-05,3.0,3.0,3.0,3.0,2.9653e-05,2.9653e-05,2.9653e-05,2.9653e-05,Kokkos::Tools::invoke_kokkosp_callback: Kokkos Profile Tool Fence
"{'name': 'Kokkos::View::initialization [Write counter_mirror] via memset', 'type': 'function'}",1024118826,91.0,regionprofile,7.7956e-05,7.7956e-05,7.7956e-05,7.7956e-05,1.0,1.0,1.0,1.0,4.1799e-05,4.1799e-05,4.1799e-05,4.1799e-05,Kokkos::View::initialization [Write counter_mirror] via memset
"{'name': 'HostSpace fence', 'type': 'function'}",1024118826,92.0,regionprofile,8.414e-06,8.414e-06,8.414e-06,8.414e-06,1.0,1.0,1.0,1.0,8.414e-06,8.414e-06,8.414e-06,8.414e-06,HostSpace fence
"{'name': 'Kokkos::Tools::invoke_kokkosp_callback: Kokkos Profile Tool Fence', 'type': 'function'}",1024118826,93.0,regionprofile,2.7743e-05,2.7743e-05,2.7743e-05,2.7743e-05,3.0,3.0,3.0,3.0,2.7743e-05,2.7743e-05,2.7743e-05,2.7743e-05,Kokkos::Tools::invoke_kokkosp_callback: Kokkos Profile Tool Fence
"{'name': 'Kokkos::View::initialization [UnorderedMap - size] via memset', 'type': 'function'}",1024118826,94.0,regionprofile,0.000148244,0.000148244,0.000148244,0.000148244,2.0,2.0,2.0,2.0,7.8484e-05,7.8484e-05,7.8484e-05,7.8484e-05,Kokkos::View::initialization [UnorderedMap - size] via memset
"{'name': 'HostSpace fence', 'type': 'function'}",1024118826,95.0,regionprofile,1.5303e-05,1.5303e-05,1.5303e-05,1.5303e-05,2.0,2.0,2.0,2.0,1.5303e-05,1.5303e-05,1.5303e-05,1.5303e-05,HostSpace fence
"{'name': 'Kokkos::Tools::invoke_kokkosp_callback: Kokkos Profile Tool Fence', 'type': 'function'}",1024118826,96.0,regionprofile,5.4457e-05,5.4457e-05,5.4457e-05,5.4457e-05,6.0,6.0,6.0,6.0,5.4457e-05,5.4457e-05,5.4457e-05,5.4457e-05,Kokkos::Tools::invoke_kokkosp_callback: Kokkos Profile Tool Fence
"{'name': 'Kokkos::View::initialization [UnorderedMap - bitset] via memset', 'type': 'function'}",1024118826,97.0,regionprofile,0.000136894,0.000136894,0.000136894,0.000136894,2.0,2.0,2.0,2.0,7.9487e-05,7.9487e-05,7.9487e-05,7.9487e-05,Kokkos::View::initialization [UnorderedMap - bitset] via memset
"{'name': 'Kokkos::Tools::invoke_kokkosp_callback: Kokkos Profile Tool Fence', 'type': 'function'}",1024118826,98.0,regionprofile,5.7407e-05,5.7407e-05,5.7407e-05,5.7407e-05,6.0,6.0,6.0,6.0,5.7407e-05,5.7407e-05,5.7407e-05,5.7407e-05,Kokkos::Tools::invoke_kokkosp_callback: Kokkos Profile Tool Fence
"{'name': 'Kokkos::View::initialization [UnorderedMap - keys]', 'type': 'function'}",1024118826,99.0,regionprofile,0.000126174,0.000126174,0.000126174,0.000126174,1.0,1.0,1.0,1.0,4.3514e-05,4.3514e-05,4.3514e-05,4.3514e-05,Kokkos::View::initialization [UnorderedMap - keys]
"{'name': 'Kokkos::Tools::invoke_kokkosp_callback: Kokkos Profile Tool Fence', 'type': 'function'}",1024118826,100.0,regionprofile,8.266e-05,8.266e-05,8.266e-05,8.266e-05,3.0,3.0,3.0,3.0,8.266e-05,8.266e-05,8.266e-05,8.266e-05,Kokkos::Tools::invoke_kokkosp_callback: Kokkos Profile Tool Fence
"{'name': 'Kokkos::View::initialization [UnorderedMap - values] via memset', 'type': 'function'}",1024118826,101.0,regionprofile,7.9917e-05,7.9917e-05,7.9917e-05,7.9917e-05,1.0,1.0,1.0,1.0,4.2245e-05,4.2245e-05,4.2245e-05,4.2245e-05,Kokkos::View::initialization [UnorderedMap - values] via memset
"{'name': 'Kokkos::Tools::invoke_kokkosp_callback: Kokkos Profile Tool Fence', 'type': 'function'}",1024118826,102.0,regionprofile,3.7672e-05,3.7672e-05,3.7672e-05,3.7672e-05,3.0,3.0,3.0,3.0,3.7672e-05,3.7672e-05,3.7672e-05,3.7672e-05,Kokkos::Tools::invoke_kokkosp_callback: Kokkos Profile Tool Fence
"{'name': 'Kokkos::View::initialization [UnorderedMap - scalars] via memset', 'type': 'function'}",1024118826,103.0,regionprofile,0.000129617,0.000129617,0.000129617,0.000129617,2.0,2.0,2.0,2.0,7.3024e-05,7.3024e-05,7.3024e-05,7.3024e-05,Kokkos::View::initialization [UnorderedMap - scalars] via memset
"{'name': 'Kokkos::Tools::invoke_kokkosp_callback: Kokkos Profile Tool Fence', 'type': 'function'}",1024118826,104.0,regionprofile,5.6593e-05,5.6593e-05,5.6593e-05,5.6593e-05,6.0,6.0,6.0,6.0,5.6593e-05,5.6593e-05,5.6593e-05,5.6593e-05,Kokkos::Tools::invoke_kokkosp_callback: Kokkos Profile Tool Fence
"{'name': 'Kokkos::View::initialization [UnorderedMap - keys] via memset', 'type': 'function'}",1024118826,105.0,regionprofile,7.1722e-05,7.1722e-05,7.1722e-05,7.1722e-05,1.0,1.0,1.0,1.0,4.1473e-05,4.1473e-05,4.1473e-05,4.1473e-05,Kokkos::View::initialization [UnorderedMap - keys] via memset
"{'name': 'Kokkos::Tools::invoke_kokkosp_callback: Kokkos Profile Tool Fence', 'type': 'function'}",1024118826,106.0,regionprofile,3.0249e-05,3.0249e-05,3.0249e-05,3.0249e-05,3.0,3.0,3.0,3.0,3.0249e-05,3.0249e-05,3.0249e-05,3.0249e-05,Kokkos::Tools::invoke_kokkosp_callback: Kokkos Profile Tool Fence
"{'name': 'Kokkos::View::initialization [UnorderedMap - values]', 'type': 'function'}",1024118826,107.0,regionprofile,0.000128701,0.000128701,0.000128701,0.000128701,1.0,1.0,1.0,1.0,4.3909e-05,4.3909e-05,4.3909e-05,4.3909e-05,Kokkos::View::initialization [UnorderedMap - values]
"{'name': 'Kokkos::Tools::invoke_kokkosp_callback: Kokkos Profile Tool Fence', 'type': 'function'}",1024118826,108.0,regionprofile,8.4792e-05,8.4792e-05,8.4792e-05,8.4792e-05,3.0,3.0,3.0,3.0,8.4792e-05,8.4792e-05,8.4792e-05,8.4792e-05,Kokkos::Tools::invoke_kokkosp_callback: Kokkos Profile Tool Fence
"{'name': 'Kokkos::View::initialization [Nodes] via memset', 'type': 'function'}",1024118826,109.0,regionprofile,7.2524e-05,7.2524e-05,7.2524e-05,7.2524e-05,1.0,1.0,1.0,1.0,4.176e-05,4.176e-05,4.176e-05,4.176e-05,Kokkos::View::initialization [Nodes] via memset
"{'name': 'Kokkos::Tools::invoke_kokkosp_callback: Kokkos Profile Tool Fence', 'type': 'function'}",1024118826,110.0,regionprofile,3.0764e-05,3.0764e-05,3.0764e-05,3.0764e-05,3.0,3.0,3.0,3.0,3.0764e-05,3.0764e-05,3.0764e-05,3.0764e-05,Kokkos::Tools::invoke_kokkosp_callback: Kokkos Profile Tool Fence
"{'name': 'Kokkos::View::initialization [Num chunks for node] via memset', 'type': 'function'}",1024118826,111.0,regionprofile,7.1571e-05,7.1571e-05,7.1571e-05,7.1571e-05,1.0,1.0,1.0,1.0,4.1277e-05,4.1277e-05,4.1277e-05,4.1277e-05,Kokkos::View::initialization [Num chunks for node] via memset
"{'name': 'Kokkos::Tools::invoke_kokkosp_callback: Kokkos Profile Tool Fence', 'type': 'function'}",1024118826,112.0,regionprofile,3.0294e-05,3.0294e-05,3.0294e-05,3.0294e-05,3.0,3.0,3.0,3.0,3.0294e-05,3.0294e-05,3.0294e-05,3.0294e-05,Kokkos::Tools::invoke_kokkosp_callback: Kokkos Profile Tool Fence
"{'name': 'Restore diff 3:Restart distinct', 'type': 'function'}",1024118826,113.0,regionprofile,0.006002,0.006002,0.006002,0.006002,1.0,1.0,1.0,1.0,0.00051281,0.00051281,0.00051281,0.00051281,Restore diff 3:Restart distinct
"{'name': 'Kokkos::Tools::invoke_kokkosp_callback: Kokkos Profile Tool Fence', 'type': 'function'}",1024118826,114.0,regionprofile,0.000196736,0.000196736,0.000196736,0.000196736,21.0,21.0,21.0,21.0,0.000196736,0.000196736,0.000196736,0.000196736,Kokkos::Tools::invoke_kokkosp_callback: Kokkos Profile Tool Fence
"{'name': 'Restore diff 3:Calculate num chunks', 'type': 'function'}",1024118826,115.0,regionprofile,0.000111802,0.000111802,0.000111802,0.000111802,1.0,1.0,1.0,1.0,8.0299e-05,8.0299e-05,8.0299e-05,8.0299e-05,Restore diff 3:Calculate num chunks
"{'name': 'Kokkos::Tools::invoke_kokkosp_callback: Kokkos Profile Tool Fence', 'type': 'function'}",1024118826,116.0,regionprofile,3.1503e-05,3.1503e-05,3.1503e-05,3.1503e-05,3.0,3.0,3.0,3.0,3.1503e-05,3.1503e-05,3.1503e-05,3.1503e-05,Kokkos::Tools::invoke_kokkosp_callback: Kokkos Profile Tool Fence
"{'name': 'Restore diff 3:Calc offsets', 'type': 'function'}",1024118826,117.0,regionprofile,0.000773377,0.000773377,0.000773377,0.000773377,1.0,1.0,1.0,1.0,0.00073958,0.00073958,0.00073958,0.00073958,Restore diff 3:Calc offsets
"{'name': 'Kokkos::Tools::invoke_kokkosp_callback: Kokkos Profile Tool Fence', 'type': 'function'}",1024118826,118.0,regionprofile,3.3797e-05,3.3797e-05,3.3797e-05,3.3797e-05,3.0,3.0,3.0,3.0,3.3797e-05,3.3797e-05,3.3797e-05,3.3797e-05,Kokkos::Tools::invoke_kokkosp_callback: Kokkos Profile Tool Fence
"{'name': 'SharedAllocationRecord<Kokkos::CudaSpace, void>::SharedAllocationRecord(): fence after copying header from HostSpace', 'type': 'function'}",1024118826,119.0,regionprofile,1.5218e-05,1.5218e-05,1.5218e-05,1.5218e-05,1.0,1.0,1.0,1.0,1.5218e-05,1.5218e-05,1.5218e-05,1.5218e-05,"SharedAllocationRecord<Kokkos::CudaSpace, void>::SharedAllocationRecord(): fence after copying header from HostSpace"
"{'name': 'Kokkos::View::initialization [Total region size] via memset', 'type': 'function'}",1024118826,120.0,regionprofile,6.7892e-05,6.7892e-05,6.7892e-05,6.7892e-05,1.0,1.0,1.0,1.0,3.812e-05,3.812e-05,3.812e-05,3.812e-05,Kokkos::View::initialization [Total region size] via memset
"{'name': 'Kokkos::Tools::invoke_kokkosp_callback: Kokkos Profile Tool Fence', 'type': 'function'}",1024118826,121.0,regionprofile,2.9772e-05,2.9772e-05,2.9772e-05,2.9772e-05,3.0,3.0,3.0,3.0,2.9772e-05,2.9772e-05,2.9772e-05,2.9772e-05,Kokkos::Tools::invoke_kokkosp_callback: Kokkos Profile Tool Fence
"{'name': 'Kokkos::Impl::ViewValueFunctor: View init/destroy fence', 'type': 'function'}",1024118826,122.0,regionprofile,2.7678e-05,2.7678e-05,2.7678e-05,2.7678e-05,3.0,3.0,3.0,3.0,2.7678e-05,2.7678e-05,2.7678e-05,2.7678e-05,Kokkos::Impl::ViewValueFunctor: View init/destroy fence
"{'name': 'Kokkos::View::initialization [Total region size_mirror] via memset', 'type': 'function'}",1024118826,123.0,regionprofile,7.8251e-05,7.8251e-05,7.8251e-05,7.8251e-05,1.0,1.0,1.0,1.0,4.1542e-05,4.1542e-05,4.1542e-05,4.1542e-05,Kokkos::View::initialization [Total region size_mirror] via memset
"{'name': 'HostSpace fence', 'type': 'function'}",1024118826,124.0,regionprofile,8.515e-06,8.515e-06,8.515e-06,8.515e-06,1.0,1.0,1.0,1.0,8.515e-06,8.515e-06,8.515e-06,8.515e-06,HostSpace fence
"{'name': 'Kokkos::Tools::invoke_kokkosp_callback: Kokkos Profile Tool Fence', 'type': 'function'}",1024118826,125.0,regionprofile,2.8194e-05,2.8194e-05,2.8194e-05,2.8194e-05,3.0,3.0,3.0,3.0,2.8194e-05,2.8194e-05,2.8194e-05,2.8194e-05,Kokkos::Tools::invoke_kokkosp_callback: Kokkos Profile Tool Fence
"{'name': 'Kokkos::deep_copy: scalar copy, pre copy fence', 'type': 'function'}",1024118826,126.0,regionprofile,5.5817e-05,5.5817e-05,5.5817e-05,5.5817e-05,6.0,6.0,6.0,6.0,5.5817e-05,5.5817e-05,5.5817e-05,5.5817e-05,"Kokkos::deep_copy: scalar copy, pre copy fence"
"{'name': 'Kokkos::deep_copy: scalar copy, post copy fence', 'type': 'function'}",1024118826,127.0,regionprofile,5.5594e-05,5.5594e-05,5.5594e-05,5.5594e-05,6.0,6.0,6.0,6.0,5.5594e-05,5.5594e-05,5.5594e-05,5.5594e-05,"Kokkos::deep_copy: scalar copy, post copy fence"
"{'name': 'Restore diff 3:Restart Hash tree repeats main diff', 'type': 'function'}",1024118826,128.0,regionprofile,0.00396958,0.00396958,0.00396958,0.00396958,1.0,1.0,1.0,1.0,6.2874e-05,6.2874e-05,6.2874e-05,6.2874e-05,Restore diff 3:Restart Hash tree repeats main diff
"{'name': 'Kokkos::Tools::invoke_kokkosp_callback: Kokkos Profile Tool Fence', 'type': 'function'}",1024118826,129.0,regionprofile,0.00390671,0.00390671,0.00390671,0.00390671,3.0,3.0,3.0,3.0,0.00390671,0.00390671,0.00390671,0.00390671,Kokkos::Tools::invoke_kokkosp_callback: Kokkos Profile Tool Fence
"{'name': 'Kokkos::View::initialization [Bytes restored_mirror] via memset', 'type': 'function'}",1024118826,130.0,regionprofile,7.8436e-05,7.8436e-05,7.8436e-05,7.8436e-05,1.0,1.0,1.0,1.0,4.1606e-05,4.1606e-05,4.1606e-05,4.1606e-05,Kokkos::View::initialization [Bytes restored_mirror] via memset
"{'name': 'HostSpace fence', 'type': 'function'}",1024118826,131.0,regionprofile,8.539e-06,8.539e-06,8.539e-06,8.539e-06,1.0,1.0,1.0,1.0,8.539e-06,8.539e-06,8.539e-06,8.539e-06,HostSpace fence
"{'name': 'Kokkos::Tools::invoke_kokkosp_callback: Kokkos Profile Tool Fence', 'type': 'function'}",1024118826,132.0,regionprofile,2.8291e-05,2.8291e-05,2.8291e-05,2.8291e-05,3.0,3.0,3.0,3.0,2.8291e-05,2.8291e-05,2.8291e-05,2.8291e-05,Kokkos::Tools::invoke_kokkosp_callback: Kokkos Profile Tool Fence
"{'name': 'Kokkos::deep_copy: copy between contiguous views, pre view equality check', 'type': 'function'}",1024118826,133.0,regionprofile,2.8757e-05,2.8757e-05,2.8757e-05,2.8757e-05,3.0,3.0,3.0,3.0,2.8757e-05,2.8757e-05,2.8757e-05,2.8757e-05,"Kokkos::deep_copy: copy between contiguous views, pre view equality check"
"{'name': 'Kokkos::deep_copy: copy between contiguous views, post deep copy fence', 'type': 'function'}",1024118826,134.0,regionprofile,3.0052e-05,3.0052e-05,3.0052e-05,3.0052e-05,3.0,3.0,3.0,3.0,3.0052e-05,3.0052e-05,3.0052e-05,3.0052e-05,"Kokkos::deep_copy: copy between contiguous views, post deep copy fence"
"{'name': 'Restore diff 3:Restart repeats', 'type': 'function'}",1024118826,135.0,regionprofile,0.00644945,0.00644945,0.00644945,0.00644945,1.0,1.0,1.0,1.0,0.0005925,0.0005925,0.0005925,0.0005925,Restore diff 3:Restart repeats
"{'name': 'SharedAllocationRecord<Kokkos::CudaSpace, void>::SharedAllocationRecord(): fence after copying header from HostSpace', 'type': 'function'}",1024118826,136.0,regionprofile,1.5658e-05,1.5658e-05,1.5658e-05,1.5658e-05,1.0,1.0,1.0,1.0,1.5658e-05,1.5658e-05,1.5658e-05,1.5658e-05,"SharedAllocationRecord<Kokkos::CudaSpace, void>::SharedAllocationRecord(): fence after copying header from HostSpace"
"{'name': 'Kokkos::Tools::invoke_kokkosp_callback: Kokkos Profile Tool Fence', 'type': 'function'}",1024118826,137.0,regionprofile,0.00016875,0.00016875,0.00016875,0.00016875,18.0,18.0,18.0,18.0,0.00016875,0.00016875,0.00016875,0.00016875,Kokkos::Tools::invoke_kokkosp_callback: Kokkos Profile Tool Fence
"{'name': 'Kokkos::View::initialization [Repeat entires per diff] via memset', 'type': 'function'}",1024118826,138.0,regionprofile,6.765e-05,6.765e-05,6.765e-05,6.765e-05,1.0,1.0,1.0,1.0,3.8129e-05,3.8129e-05,3.8129e-05,3.8129e-05,Kokkos::View::initialization [Repeat entires per diff] via memset
"{'name': 'Kokkos::Tools::invoke_kokkosp_callback: Kokkos Profile Tool Fence', 'type': 'function'}",1024118826,139.0,regionprofile,2.9521e-05,2.9521e-05,2.9521e-05,2.9521e-05,3.0,3.0,3.0,3.0,2.9521e-05,2.9521e-05,2.9521e-05,2.9521e-05,Kokkos::Tools::invoke_kokkosp_callback: Kokkos Profile Tool Fence
"{'name': 'Kokkos::Impl::ViewValueFunctor: View init/destroy fence', 'type': 'function'}",1024118826,140.0,regionprofile,2.0781e-05,2.0781e-05,2.0781e-05,2.0781e-05,2.0,2.0,2.0,2.0,2.0781e-05,2.0781e-05,2.0781e-05,2.0781e-05,Kokkos::Impl::ViewValueFunctor: View init/destroy fence
"{'name': 'Kokkos::View::initialization [Repeat entires per diff_mirror] via memset', 'type': 'function'}",1024118826,141.0,regionprofile,7.8616e-05,7.8616e-05,7.8616e-05,7.8616e-05,1.0,1.0,1.0,1.0,4.1826e-05,4.1826e-05,4.1826e-05,4.1826e-05,Kokkos::View::initialization [Repeat entires per diff_mirror] via memset
"{'name': 'HostSpace fence', 'type': 'function'}",1024118826,142.0,regionprofile,8.548e-06,8.548e-06,8.548e-06,8.548e-06,1.0,1.0,1.0,1.0,8.548e-06,8.548e-06,8.548e-06,8.548e-06,HostSpace fence
"{'name': 'Kokkos::Tools::invoke_kokkosp_callback: Kokkos Profile Tool Fence', 'type': 'function'}",1024118826,143.0,regionprofile,2.8242e-05,2.8242e-05,2.8242e-05,2.8242e-05,3.0,3.0,3.0,3.0,2.8242e-05,2.8242e-05,2.8242e-05,2.8242e-05,Kokkos::Tools::invoke_kokkosp_callback: Kokkos Profile Tool Fence
"{'name': 'Kokkos::deep_copy: scalar copy, pre copy fence', 'type': 'function'}",1024118826,144.0,regionprofile,5.5808e-05,5.5808e-05,5.5808e-05,5.5808e-05,6.0,6.0,6.0,6.0,5.5808e-05,5.5808e-05,5.5808e-05,5.5808e-05,"Kokkos::deep_copy: scalar copy, pre copy fence"
"{'name': 'Kokkos::deep_copy: scalar copy, post copy fence', 'type': 'function'}",1024118826,145.0,regionprofile,5.6255e-05,5.6255e-05,5.6255e-05,5.6255e-05,6.0,6.0,6.0,6.0,5.6255e-05,5.6255e-05,5.6255e-05,5.6255e-05,"Kokkos::deep_copy: scalar copy, post copy fence"
"{'name': 'Restore diff 3:Load repeat map', 'type': 'function'}",1024118826,146.0,regionprofile,9.1072e-05,9.1072e-05,9.1072e-05,9.1072e-05,1.0,1.0,1.0,1.0,5.9431e-05,5.9431e-05,5.9431e-05,5.9431e-05,Restore diff 3:Load repeat map
"{'name': 'Kokkos::Tools::invoke_kokkosp_callback: Kokkos Profile Tool Fence', 'type': 'function'}",1024118826,147.0,regionprofile,3.1641e-05,3.1641e-05,3.1641e-05,3.1641e-05,3.0,3.0,3.0,3.0,3.1641e-05,3.1641e-05,3.1641e-05,3.1641e-05,Kokkos::Tools::invoke_kokkosp_callback: Kokkos Profile Tool Fence
"{'name': 'Kokkos::deep_copy: copy between contiguous views, pre view equality check', 'type': 'function'}",1024118826,148.0,regionprofile,8.444e-05,8.444e-05,8.444e-05,8.444e-05,9.0,9.0,9.0,9.0,8.444e-05,8.444e-05,8.444e-05,8.444e-05,"Kokkos::deep_copy: copy between contiguous views, pre view equality check"
"{'name': 'Kokkos::deep_copy: copy between contiguous views, post deep copy fence', 'type': 'function'}",1024118826,149.0,regionprofile,8.5958e-05,8.5958e-05,8.5958e-05,8.5958e-05,9.0,9.0,9.0,9.0,8.5958e-05,8.5958e-05,8.5958e-05,8.5958e-05,"Kokkos::deep_copy: copy between contiguous views, post deep copy fence"
"{'name': 'Restore diff 3:Repeat offsets', 'type': 'function'}",1024118826,150.0,regionprofile,0.000116001,0.000116001,0.000116001,0.000116001,1.0,1.0,1.0,1.0,8.4637e-05,8.4637e-05,8.4637e-05,8.4637e-05,Restore diff 3:Repeat offsets
"{'name': 'Kokkos::Tools::invoke_kokkosp_callback: Kokkos Profile Tool Fence', 'type': 'function'}",1024118826,151.0,regionprofile,3.1364e-05,3.1364e-05,3.1364e-05,3.1364e-05,3.0,3.0,3.0,3.0,3.1364e-05,3.1364e-05,3.1364e-05,3.1364e-05,Kokkos::Tools::invoke_kokkosp_callback: Kokkos Profile Tool Fence
"{'name': 'Restore diff 3:Restart Hash tree repeats main diff', 'type': 'function'}",1024118826,152.0,regionprofile,0.00501596,0.00501596,0.00501596,0.00501596,1.0,1.0,1.0,1.0,6.2418e-05,6.2418e-05,6.2418e-05,6.2418e-05,Restore diff 3:Restart Hash tree repeats main diff
"{'name': 'Kokkos::Tools::invoke_kokkosp_callback: Kokkos Profile Tool Fence', 'type': 'function'}",1024118826,153.0,regionprofile,0.00495354,0.00495354,0.00495354,0.00495354,3.0,3.0,3.0,3.0,0.00495354,0.00495354,0.00495354,0.00495354,Kokkos::Tools::invoke_kokkosp_callback: Kokkos Profile Tool Fence
"{'name': 'Restore diff 3:Fill repeats', 'type': 'function'}",1024118826,154.0,regionprofile,0.000275068,0.000275068,0.000275068,0.000275068,1.0,1.0,1.0,1.0,9.9543e-05,9.9543e-05,9.9543e-05,9.9543e-05,Restore diff 3:Fill repeats
"{'name': 'Kokkos::Tools::invoke_kokkosp_callback: Kokkos Profile Tool Fence', 'type': 'function'}",1024118826,155.0,regionprofile,5.6426e-05,5.6426e-05,5.6426e-05,5.6426e-05,6.0,6.0,6.0,6.0,5.6426e-05,5.6426e-05,5.6426e-05,5.6426e-05,Kokkos::Tools::invoke_kokkosp_callback: Kokkos Profile Tool Fence
"{'name': 'Tree:Main:Fill same entries', 'type': 'function'}",1024118826,156.0,regionprofile,9.0104e-05,9.0104e-05,9.0104e-05,9.0104e-05,1.0,1.0,1.0,1.0,5.9001e-05,5.9001e-05,5.9001e-05,5.9001e-05,Tree:Main:Fill same entries
"{'name': 'Kokkos::Tools::invoke_kokkosp_callback: Kokkos Profile Tool Fence', 'type': 'function'}",1024118826,157.0,regionprofile,3.1103e-05,3.1103e-05,3.1103e-05,3.1103e-05,3.0,3.0,3.0,3.0,3.1103e-05,3.1103e-05,3.1103e-05,3.1103e-05,Kokkos::Tools::invoke_kokkosp_callback: Kokkos Profile Tool Fence
"{'name': 'Kokkos::fence: Unnamed Global Fence', 'type': 'function'}",1024118826,158.0,regionprofile,2.8995e-05,2.8995e-05,2.8995e-05,2.8995e-05,3.0,3.0,3.0,3.0,2.8995e-05,2.8995e-05,2.8995e-05,2.8995e-05,Kokkos::fence: Unnamed Global Fence
"{'name': 'Restore diff 2', 'type': 'function'}",1024118826,159.0,regionprofile,0.0451532,0.0451532,0.0451532,0.0451532,1.0,1.0,1.0,1.0,0.000167075,0.000167075,0.000167075,0.000167075,Restore diff 2
"{'name': 'Kokkos::Tools::invoke_kokkosp_callback: Kokkos Profile Tool Fence', 'type': 'function'}",1024118826,160.0,regionprofile,0.000138622,0.000138622,0.000138622,0.000138622,15.0,15.0,15.0,15.0,0.000138622,0.000138622,0.000138622,0.000138622,Kokkos::Tools::invoke_kokkosp_callback: Kokkos Profile Tool Fence
"{'name': 'Restore diff 2:Read diff', 'type': 'function'}",1024118826,161.0,regionprofile,0.00865285,0.00865285,0.00865285,0.00865285,1.0,1.0,1.0,1.0,0.0052065,0.0052065,0.0052065,0.0052065,Restore diff 2:Read diff
"{'name': 'Kokkos::Tools::invoke_kokkosp_callback: Kokkos Profile Tool Fence', 'type': 'function'}",1024118826,162.0,regionprofile,8.9966e-05,8.9966e-05,8.9966e-05,8.9966e-05,9.0,9.0,9.0,9.0,8.9966e-05,8.9966e-05,8.9966e-05,8.9966e-05,Kokkos::Tools::invoke_kokkosp_callback: Kokkos Profile Tool Fence
"{'name': 'Kokkos::View::initialization [Buffer] via memset', 'type': 'function'}",1024118826,163.0,regionprofile,0.000336261,0.000336261,0.000336261,0.000336261,1.0,1.0,1.0,1.0,4.314e-05,4.314e-05,4.314e-05,4.314e-05,Kokkos::View::initialization [Buffer] via memset
"{'name': 'Kokkos::Tools::invoke_kokkosp_callback: Kokkos Profile Tool Fence', 'type': 'function'}",1024118826,164.0,regionprofile,0.000293121,0.000293121,0.000293121,0.000293121,3.0,3.0,3.0,3.0,0.000293121,0.000293121,0.000293121,0.000293121,Kokkos::Tools::invoke_kokkosp_callback: Kokkos Profile Tool Fence
"{'name': 'Kokkos::ViewCopy-1D', 'type': 'function'}",1024118826,165.0,regionprofile,0.0029911,0.0029911,0.0029911,0.0029911,1.0,1.0,1.0,1.0,4.4867e-05,4.4867e-05,4.4867e-05,4.4867e-05,Kokkos::ViewCopy-1D
"{'name': 'Kokkos::Tools::invoke_kokkosp_callback: Kokkos Profile Tool Fence', 'type': 'function'}",1024118826,166.0,regionprofile,0.00294623,0.00294623,0.00294623,0.00294623,3.0,3.0,3.0,3.0,0.00294623,0.00294623,0.00294623,0.00294623,Kokkos::Tools::invoke_kokkosp_callback: Kokkos Profile Tool Fence
"{'name': 'Kokkos::resize(View)', 'type': 'function'}",1024118826,167.0,regionprofile,2.9023e-05,2.9023e-05,2.9023e-05,2.9023e-05,3.0,3.0,3.0,3.0,2.9023e-05,2.9023e-05,2.9023e-05,2.9023e-05,Kokkos::resize(View)
"{'name': 'Restore diff 2:Setup', 'type': 'function'}",1024118826,168.0,regionprofile,0.0223467,0.0223467,0.0223467,0.0223467,1.0,1.0,1.0,1.0,0.0202531,0.0202531,0.0202531,0.0202531,Restore diff 2:Setup
"{'name': 'Kokkos::deep_copy: copy between contiguous views, pre view equality check', 'type': 'function'}",1024118826,169.0,regionprofile,2.966e-05,2.966e-05,2.966e-05,2.966e-05,3.0,3.0,3.0,3.0,2.966e-05,2.966e-05,2.966e-05,2.966e-05,"Kokkos::deep_copy: copy between contiguous views, pre view equality check"
"{'name': 'Kokkos::deep_copy: copy between contiguous views, post deep copy fence', 'type': 'function'}",1024118826,170.0,regionprofile,5.4384e-05,5.4384e-05,5.4384e-05,5.4384e-05,3.0,3.0,3.0,3.0,5.4384e-05,5.4384e-05,5.4384e-05,5.4384e-05,"Kokkos::deep_copy: copy between contiguous views, post deep copy fence"
"{'name': 'Kokkos::deep_copy: scalar copy, pre copy fence', 'type': 'function'}",1024118826,171.0,regionprofile,0.000299823,0.000299823,0.000299823,0.000299823,33.0,33.0,33.0,33.0,0.000299823,0.000299823,0.000299823,0.000299823,"Kokkos::deep_copy: scalar copy, pre copy fence"
"{'name': 'Kokkos::deep_copy: scalar copy, post copy fence', 'type': 'function'}",1024118826,172.0,regionprofile,0.000304312,0.000304312,0.000304312,0.000304312,33.0,33.0,33.0,33.0,0.000304312,0.000304312,0.000304312,0.000304312,"Kokkos::deep_copy: scalar copy, post copy fence"
"{'name': 'Kokkos::Tools::invoke_kokkosp_callback: Kokkos Profile Tool Fence', 'type': 'function'}",1024118826,173.0,regionprofile,0.000335282,0.000335282,0.000335282,0.000335282,36.0,36.0,36.0,36.0,0.000335282,0.000335282,0.000335282,0.000335282,Kokkos::Tools::invoke_kokkosp_callback: Kokkos Profile Tool Fence
"{'name': 'Kokkos::ViewFill-1D', 'type': 'function'}",1024118826,174.0,regionprofile,0.00046582,0.00046582,0.00046582,0.00046582,5.0,5.0,5.0,5.0,0.000194831,0.000194831,0.000194831,0.000194831,Kokkos::ViewFill-1D
"{'name': 'Kokkos::Tools::invoke_kokkosp_callback: Kokkos Profile Tool Fence', 'type': 'function'}",1024118826,175.0,regionprofile,0.000270989,0.000270989,0.000270989,0.000270989,15.0,15.0,15.0,15.0,0.000270989,0.000270989,0.000270989,0.000270989,Kokkos::Tools::invoke_kokkosp_callback: Kokkos Profile Tool Fence
"{'name': 'SharedAllocationRecord<Kokkos::CudaSpace, void>::SharedAllocationRecord(): fence after copying header from HostSpace', 'type': 'function'}",1024118826,176.0,regionprofile,1.603e-05,1.603e-05,1.603e-05,1.603e-05,1.0,1.0,1.0,1.0,1.603e-05,1.603e-05,1.603e-05,1.603e-05,"SharedAllocationRecord<Kokkos::CudaSpace, void>::SharedAllocationRecord(): fence after copying header from HostSpace"
"{'name': 'Kokkos::View::initialization [Write counter] via memset', 'type': 'function'}",1024118826,177.0,regionprofile,6.7988e-05,6.7988e-05,6.7988e-05,6.7988e-05,1.0,1.0,1.0,1.0,3.8364e-05,3.8364e-05,3.8364e-05,3.8364e-05,Kokkos::View::initialization [Write counter] via memset
"{'name': 'Kokkos::Tools::invoke_kokkosp_callback: Kokkos Profile Tool Fence', 'type': 'function'}",1024118826,178.0,regionprofile,2.9624e-05,2.9624e-05,2.9624e-05,2.9624e-05,3.0,3.0,3.0,3.0,2.9624e-05,2.9624e-05,2.9624e-05,2.9624e-05,Kokkos::Tools::invoke_kokkosp_callback: Kokkos Profile Tool Fence
"{'name': 'Kokkos::Impl::ViewValueFunctor: View init/destroy fence', 'type': 'function'}",1024118826,179.0,regionprofile,2.0859e-05,2.0859e-05,2.0859e-05,2.0859e-05,2.0,2.0,2.0,2.0,2.0859e-05,2.0859e-05,2.0859e-05,2.0859e-05,Kokkos::Impl::ViewValueFunctor: View init/destroy fence
"{'name': 'Kokkos::View::initialization [Write counter_mirror] via memset', 'type': 'function'}",1024118826,180.0,regionprofile,7.7923e-05,7.7923e-05,7.7923e-05,7.7923e-05,1.0,1.0,1.0,1.0,4.1247e-05,4.1247e-05,4.1247e-05,4.1247e-05,Kokkos::View::initialization [Write counter_mirror] via memset
"{'name': 'HostSpace fence', 'type': 'function'}",1024118826,181.0,regionprofile,8.533e-06,8.533e-06,8.533e-06,8.533e-06,1.0,1.0,1.0,1.0,8.533e-06,8.533e-06,8.533e-06,8.533e-06,HostSpace fence
"{'name': 'Kokkos::Tools::invoke_kokkosp_callback: Kokkos Profile Tool Fence', 'type': 'function'}",1024118826,182.0,regionprofile,2.8143e-05,2.8143e-05,2.8143e-05,2.8143e-05,3.0,3.0,3.0,3.0,2.8143e-05,2.8143e-05,2.8143e-05,2.8143e-05,Kokkos::Tools::invoke_kokkosp_callback: Kokkos Profile Tool Fence
"{'name': 'Kokkos::View::initialization [Nodes] via memset', 'type': 'function'}",1024118826,183.0,regionprofile,7.0993e-05,7.0993e-05,7.0993e-05,7.0993e-05,1.0,1.0,1.0,1.0,4.075e-05,4.075e-05,4.075e-05,4.075e-05,Kokkos::View::initialization [Nodes] via memset
"{'name': 'Kokkos::Tools::invoke_kokkosp_callback: Kokkos Profile Tool Fence', 'type': 'function'}",1024118826,184.0,regionprofile,3.0243e-05,3.0243e-05,3.0243e-05,3.0243e-05,3.0,3.0,3.0,3.0,3.0243e-05,3.0243e-05,3.0243e-05,3.0243e-05,Kokkos::Tools::invoke_kokkosp_callback: Kokkos Profile Tool Fence
"{'name': 'Kokkos::ViewCopy-1D', 'type': 'function'}",1024118826,185.0,regionprofile,0.000140721,0.000140721,0.000140721,0.000140721,2.0,2.0,2.0,2.0,8.2502e-05,8.2502e-05,8.2502e-05,8.2502e-05,Kokkos::ViewCopy-1D
"{'name': 'Kokkos::Tools::invoke_kokkosp_callback: Kokkos Profile Tool Fence', 'type': 'function'}",1024118826,186.0,regionprofile,5.8219e-05,5.8219e-05,5.8219e-05,5.8219e-05,6.0,6.0,6.0,6.0,5.8219e-05,5.8219e-05,5.8219e-05,5.8219e-05,Kokkos::Tools::invoke_kokkosp_callback: Kokkos Profile Tool Fence
"{'name': 'Kokkos::resize(View)', 'type': 'function'}",1024118826,187.0,regionprofile,5.5945e-05,5.5945e-05,5.5945e-05,5.5945e-05,6.0,6.0,6.0,6.0,5.5945e-05,5.5945e-05,5.5945e-05,5.5945e-05,Kokkos::resize(View)
"{'name': 'Kokkos::Cuda: backend fence before async free', 'type': 'function'}",1024118826,188.0,regionprofile,5.1929e-05,5.1929e-05,5.1929e-05,5.1929e-05,2.0,2.0,2.0,2.0,5.1929e-05,5.1929e-05,5.1929e-05,5.1929e-05,Kokkos::Cuda: backend fence before async free
"{'name': 'Kokkos::Cuda: backend fence after async free', 'type': 'function'}",1024118826,189.0,regionprofile,3.0897e-05,3.0897e-05,3.0897e-05,3.0897e-05,2.0,2.0,2.0,2.0,3.0897e-05,3.0897e-05,3.0897e-05,3.0897e-05,Kokkos::Cuda: backend fence after async free
"{'name': 'Kokkos::View::initialization [Num chunks for node] via memset', 'type': 'function'}",1024118826,190.0,regionprofile,7.1046e-05,7.1046e-05,7.1046e-05,7.1046e-05,1.0,1.0,1.0,1.0,4.0663e-05,4.0663e-05,4.0663e-05,4.0663e-05,Kokkos::View::initialization [Num chunks for node] via memset
"{'name': 'Kokkos::Tools::invoke_kokkosp_callback: Kokkos Profile Tool Fence', 'type': 'function'}",1024118826,191.0,regionprofile,3.0383e-05,3.0383e-05,3.0383e-05,3.0383e-05,3.0,3.0,3.0,3.0,3.0383e-05,3.0383e-05,3.0383e-05,3.0383e-05,Kokkos::Tools::invoke_kokkosp_callback: Kokkos Profile Tool Fence
"{'name': 'Restore diff 2:Load maps', 'type': 'function'}",1024118826,192.0,regionprofile,0.00936863,0.00936863,0.00936863,0.00936863,1.0,1.0,1.0,1.0,0.000357832,0.000357832,0.000357832,0.000357832,Restore diff 2:Load maps
"{'name': 'Kokkos::Tools::invoke_kokkosp_callback: Kokkos Profile Tool Fence', 'type': 'function'}",1024118826,193.0,regionprofile,0.000226182,0.000226182,0.000226182,0.000226182,24.0,24.0,24.0,24.0,0.000226182,0.000226182,0.000226182,0.000226182,Kokkos::Tools::invoke_kokkosp_callback: Kokkos Profile Tool Fence
"{'name': 'Restore diff 2:Calculate num chunks', 'type': 'function'}",1024118826,194.0,regionprofile,9.6126e-05,9.6126e-05,9.6126e-05,9.6126e-05,1.0,1.0,1.0,1.0,6.4716e-05,6.4716e-05,6.4716e-05,6.4716e-05,Restore diff 2:Calculate num chunks
"{'name': 'Kokkos::Tools::invoke_kokkosp_callback: Kokkos Profile Tool Fence', 'type': 'function'}",1024118826,195.0,regionprofile,3.141e-05,3.141e-05,3.141e-05,3.141e-05,3.0,3.0,3.0,3.0,3.141e-05,3.141e-05,3.141e-05,3.141e-05,Kokkos::Tools::invoke_kokkosp_callback: Kokkos Profile Tool Fence
"{'name': 'Restore diff 2:Calc offsets', 'type': 'function'}",1024118826,196.0,regionprofile,0.000132678,0.000132678,0.000132678,0.000132678,1.0,1.0,1.0,1.0,0.000101321,0.000101321,0.000101321,0.000101321,Restore diff 2:Calc offsets
"{'name': 'Kokkos::Tools::invoke_kokkosp_callback: Kokkos Profile Tool Fence', 'type': 'function'}",1024118826,197.0,regionprofile,3.1357e-05,3.1357e-05,3.1357e-05,3.1357e-05,3.0,3.0,3.0,3.0,3.1357e-05,3.1357e-05,3.1357e-05,3.1357e-05,Kokkos::Tools::invoke_kokkosp_callback: Kokkos Profile Tool Fence
"{'name': 'Restore diff 2:Restart Hashtree distinct', 'type': 'function'}",1024118826,198.0,regionprofile,0.00173211,0.00173211,0.00173211,0.00173211,1.0,1.0,1.0,1.0,6.0988e-05,6.0988e-05,6.0988e-05,6.0988e-05,Restore diff 2:Restart Hashtree distinct
"{'name': 'Kokkos::Tools::invoke_kokkosp_callback: Kokkos Profile Tool Fence', 'type': 'function'}",1024118826,199.0,regionprofile,0.00167112,0.00167112,0.00167112,0.00167112,3.0,3.0,3.0,3.0,0.00167112,0.00167112,0.00167112,0.00167112,Kokkos::Tools::invoke_kokkosp_callback: Kokkos Profile Tool Fence
"{'name': 'SharedAllocationRecord<Kokkos::CudaSpace, void>::SharedAllocationRecord(): fence after copying header from HostSpace', 'type': 'function'}",1024118826,200.0,regionprofile,1.5419e-05,1.5419e-05,1.5419e-05,1.5419e-05,1.0,1.0,1.0,1.0,1.5419e-05,1.5419e-05,1.5419e-05,1.5419e-05,"SharedAllocationRecord<Kokkos::CudaSpace, void>::SharedAllocationRecord(): fence after copying header from HostSpace"
"{'name': 'Kokkos::View::initialization [Repeat entires per diff] via memset', 'type': 'function'}",1024118826,201.0,regionprofile,6.8029e-05,6.8029e-05,6.8029e-05,6.8029e-05,1.0,1.0,1.0,1.0,3.8013e-05,3.8013e-05,3.8013e-05,3.8013e-05,Kokkos::View::initialization [Repeat entires per diff] via memset
"{'name': 'Kokkos::Tools::invoke_kokkosp_callback: Kokkos Profile Tool Fence', 'type': 'function'}",1024118826,202.0,regionprofile,3.0016e-05,3.0016e-05,3.0016e-05,3.0016e-05,3.0,3.0,3.0,3.0,3.0016e-05,3.0016e-05,3.0016e-05,3.0016e-05,Kokkos::Tools::invoke_kokkosp_callback: Kokkos Profile Tool Fence
"{'name': 'Kokkos::Impl::ViewValueFunctor: View init/destroy fence', 'type': 'function'}",1024118826,203.0,regionprofile,1.3613e-05,1.3613e-05,1.3613e-05,1.3613e-05,1.0,1.0,1.0,1.0,1.3613e-05,1.3613e-05,1.3613e-05,1.3613e-05,Kokkos::Impl::ViewValueFunctor: View init/destroy fence
"{'name': 'Restore diff 2:Load repeat map', 'type': 'function'}",1024118826,204.0,regionprofile,9.0408e-05,9.0408e-05,9.0408e-05,9.0408e-05,1.0,1.0,1.0,1.0,5.8741e-05,5.8741e-05,5.8741e-05,5.8741e-05,Restore diff 2:Load repeat map
"{'name': 'Kokkos::Tools::invoke_kokkosp_callback: Kokkos Profile Tool Fence', 'type': 'function'}",1024118826,205.0,regionprofile,3.1667e-05,3.1667e-05,3.1667e-05,3.1667e-05,3.0,3.0,3.0,3.0,3.1667e-05,3.1667e-05,3.1667e-05,3.1667e-05,Kokkos::Tools::invoke_kokkosp_callback: Kokkos Profile Tool Fence
"{'name': 'Restore diff 2:Repeat offsets', 'type': 'function'}",1024118826,206.0,regionprofile,0.000113548,0.000113548,0.000113548,0.000113548,1.0,1.0,1.0,1.0,8.1999e-05,8.1999e-05,8.1999e-05,8.1999e-05,Restore diff 2:Repeat offsets
"{'name': 'Kokkos::Tools::invoke_kokkosp_callback: Kokkos Profile Tool Fence', 'type': 'function'}",1024118826,207.0,regionprofile,3.1549e-05,3.1549e-05,3.1549e-05,3.1549e-05,3.0,3.0,3.0,3.0,3.1549e-05,3.1549e-05,3.1549e-05,3.1549e-05,Kokkos::Tools::invoke_kokkosp_callback: Kokkos Profile Tool Fence
"{'name': 'Restore diff 2:Restart Hash tree repeats middle diffs', 'type': 'function'}",1024118826,208.0,regionprofile,0.00652269,0.00652269,0.00652269,0.00652269,1.0,1.0,1.0,1.0,6.0473e-05,6.0473e-05,6.0473e-05,6.0473e-05,Restore diff 2:Restart Hash tree repeats middle diffs
"{'name': 'Kokkos::Tools::invoke_kokkosp_callback: Kokkos Profile Tool Fence', 'type': 'function'}",1024118826,209.0,regionprofile,0.00646222,0.00646222,0.00646222,0.00646222,3.0,3.0,3.0,3.0,0.00646222,0.00646222,0.00646222,0.00646222,Kokkos::Tools::invoke_kokkosp_callback: Kokkos Profile Tool Fence
"{'name': 'Restore diff 2:Fill chunks', 'type': 'function'}",1024118826,210.0,regionprofile,0.00447925,0.00447925,0.00447925,0.00447925,1.0,1.0,1.0,1.0,0.000263481,0.000263481,0.000263481,0.000263481,Restore diff 2:Fill chunks
"{'name': 'Kokkos::deep_copy: scalar copy, pre copy fence', 'type': 'function'}",1024118826,211.0,regionprofile,5.6987e-05,5.6987e-05,5.6987e-05,5.6987e-05,6.0,6.0,6.0,6.0,5.6987e-05,5.6987e-05,5.6987e-05,5.6987e-05,"Kokkos::deep_copy: scalar copy, pre copy fence"
"{'name': 'Kokkos::deep_copy: scalar copy, post copy fence', 'type': 'function'}",1024118826,212.0,regionprofile,5.6698e-05,5.6698e-05,5.6698e-05,5.6698e-05,6.0,6.0,6.0,6.0,5.6698e-05,5.6698e-05,5.6698e-05,5.6698e-05,"Kokkos::deep_copy: scalar copy, post copy fence"
"{'name': 'Kokkos::Tools::invoke_kokkosp_callback: Kokkos Profile Tool Fence', 'type': 'function'}",1024118826,213.0,regionprofile,5.5877e-05,5.5877e-05,5.5877e-05,5.5877e-05,6.0,6.0,6.0,6.0,5.5877e-05,5.5877e-05,5.5877e-05,5.5877e-05,Kokkos::Tools::invoke_kokkosp_callback: Kokkos Profile Tool Fence
"{'name': 'Restore diff 2:Fill data middle diffs', 'type': 'function'}",1024118826,214.0,regionprofile,0.00398618,0.00398618,0.00398618,0.00398618,1.0,1.0,1.0,1.0,6.1958e-05,6.1958e-05,6.1958e-05,6.1958e-05,Restore diff 2:Fill data middle diffs
"{'name': 'Kokkos::Tools::invoke_kokkosp_callback: Kokkos Profile Tool Fence', 'type': 'function'}",1024118826,215.0,regionprofile,0.00392422,0.00392422,0.00392422,0.00392422,3.0,3.0,3.0,3.0,0.00392422,0.00392422,0.00392422,0.00392422,Kokkos::Tools::invoke_kokkosp_callback: Kokkos Profile Tool Fence
"{'name': 'Kokkos::deep_copy: copy between contiguous views, pre view equality check', 'type': 'function'}",1024118826,216.0,regionprofile,2.9697e-05,2.9697e-05,2.9697e-05,2.9697e-05,3.0,3.0,3.0,3.0,2.9697e-05,2.9697e-05,2.9697e-05,2.9697e-05,"Kokkos::deep_copy: copy between contiguous views, pre view equality check"
"{'name': 'Kokkos::deep_copy: copy between contiguous views, post deep copy fence', 'type': 'function'}",1024118826,217.0,regionprofile,3.0331e-05,3.0331e-05,3.0331e-05,3.0331e-05,3.0,3.0,3.0,3.0,3.0331e-05,3.0331e-05,3.0331e-05,3.0331e-05,"Kokkos::deep_copy: copy between contiguous views, post deep copy fence"
"{'name': 'HostSpace::impl_deallocate before free', 'type': 'function'}",1024118826,218.0,regionprofile,8.6887e-05,8.6887e-05,8.6887e-05,8.6887e-05,9.0,9.0,9.0,9.0,8.6887e-05,8.6887e-05,8.6887e-05,8.6887e-05,HostSpace::impl_deallocate before free
"{'name': 'Restore diff 1', 'type': 'function'}",1024118826,219.0,regionprofile,0.0439102,0.0439102,0.0439102,0.0439102,1.0,1.0,1.0,1.0,0.00016594,0.00016594,0.00016594,0.00016594,Restore diff 1
"{'name': 'Kokkos::Tools::invoke_kokkosp_callback: Kokkos Profile Tool Fence', 'type': 'function'}",1024118826,220.0,regionprofile,0.000138604,0.000138604,0.000138604,0.000138604,15.0,15.0,15.0,15.0,0.000138604,0.000138604,0.000138604,0.000138604,Kokkos::Tools::invoke_kokkosp_callback: Kokkos Profile Tool Fence
"{'name': 'Restore diff 1:Read diff', 'type': 'function'}",1024118826,221.0,regionprofile,0.00865023,0.00865023,0.00865023,0.00865023,1.0,1.0,1.0,1.0,0.00523349,0.00523349,0.00523349,0.00523349,Restore diff 1:Read diff
"{'name': 'Kokkos::Tools::invoke_kokkosp_callback: Kokkos Profile Tool Fence', 'type': 'function'}",1024118826,222.0,regionprofile,8.9863e-05,8.9863e-05,8.9863e-05,8.9863e-05,9.0,9.0,9.0,9.0,8.9863e-05,8.9863e-05,8.9863e-05,8.9863e-05,Kokkos::Tools::invoke_kokkosp_callback: Kokkos Profile Tool Fence
"{'name': 'Kokkos::View::initialization [Buffer] via memset', 'type': 'function'}",1024118826,223.0,regionprofile,0.000333569,0.000333569,0.000333569,0.000333569,1.0,1.0,1.0,1.0,4.2392e-05,4.2392e-05,4.2392e-05,4.2392e-05,Kokkos::View::initialization [Buffer] via memset
"{'name': 'Kokkos::Tools::invoke_kokkosp_callback: Kokkos Profile Tool Fence', 'type': 'function'}",1024118826,224.0,regionprofile,0.000291177,0.000291177,0.000291177,0.000291177,3.0,3.0,3.0,3.0,0.000291177,0.000291177,0.000291177,0.000291177,Kokkos::Tools::invoke_kokkosp_callback: Kokkos Profile Tool Fence
"{'name': 'Kokkos::ViewCopy-1D', 'type': 'function'}",1024118826,225.0,regionprofile,0.00296446,0.00296446,0.00296446,0.00296446,1.0,1.0,1.0,1.0,4.2004e-05,4.2004e-05,4.2004e-05,4.2004e-05,Kokkos::ViewCopy-1D
"{'name': 'Kokkos::Tools::invoke_kokkosp_callback: Kokkos Profile Tool Fence', 'type': 'function'}",1024118826,226.0,regionprofile,0.00292246,0.00292246,0.00292246,0.00292246,3.0,3.0,3.0,3.0,0.00292246,0.00292246,0.00292246,0.00292246,Kokkos::Tools::invoke_kokkosp_callback: Kokkos Profile Tool Fence
"{'name': 'Kokkos::resize(View)', 'type': 'function'}",1024118826,227.0,regionprofile,2.884e-05,2.884e-05,2.884e-05,2.884e-05,3.0,3.0,3.0,3.0,2.884e-05,2.884e-05,2.884e-05,2.884e-05,Kokkos::resize(View)
"{'name': 'Restore diff 1:Setup', 'type': 'function'}",1024118826,228.0,regionprofile,0.023094,0.023094,0.023094,0.023094,1.0,1.0,1.0,1.0,0.0200251,0.0200251,0.0200251,0.0200251,Restore diff 1:Setup
"{'name': 'Kokkos::deep_copy: copy between contiguous views, pre view equality check', 'type': 'function'}",1024118826,229.0,regionprofile,2.9357e-05,2.9357e-05,2.9357e-05,2.9357e-05,3.0,3.0,3.0,3.0,2.9357e-05,2.9357e-05,2.9357e-05,2.9357e-05,"Kokkos::deep_copy: copy between contiguous views, pre view equality check"
"{'name': 'Kokkos::deep_copy: copy between contiguous views, post deep copy fence', 'type': 'function'}",1024118826,230.0,regionprofile,5.5415e-05,5.5415e-05,5.5415e-05,5.5415e-05,3.0,3.0,3.0,3.0,5.5415e-05,5.5415e-05,5.5415e-05,5.5415e-05,"Kokkos::deep_copy: copy between contiguous views, post deep copy fence"
"{'name': 'Kokkos::Cuda: backend fence before async free', 'type': 'function'}",1024118826,231.0,regionprofile,4.1859e-05,4.1859e-05,4.1859e-05,4.1859e-05,3.0,3.0,3.0,3.0,4.1859e-05,4.1859e-05,4.1859e-05,4.1859e-05,Kokkos::Cuda: backend fence before async free
"{'name': 'Kokkos::Cuda: backend fence after async free', 'type': 'function'}",1024118826,232.0,regionprofile,0.00101379,0.00101379,0.00101379,0.00101379,3.0,3.0,3.0,3.0,0.00101379,0.00101379,0.00101379,0.00101379,Kokkos::Cuda: backend fence after async free
"{'name': 'Kokkos::deep_copy: scalar copy, pre copy fence', 'type': 'function'}",1024118826,233.0,regionprofile,0.000305097,0.000305097,0.000305097,0.000305097,33.0,33.0,33.0,33.0,0.000305097,0.000305097,0.000305097,0.000305097,"Kokkos::deep_copy: scalar copy, pre copy fence"
"{'name': 'Kokkos::deep_copy: scalar copy, post copy fence', 'type': 'function'}",1024118826,234.0,regionprofile,0.000304014,0.000304014,0.000304014,0.000304014,33.0,33.0,33.0,33.0,0.000304014,0.000304014,0.000304014,0.000304014,"Kokkos::deep_copy: scalar copy, post copy fence"
"{'name': 'Kokkos::Tools::invoke_kokkosp_callback: Kokkos Profile Tool Fence', 'type': 'function'}",1024118826,235.0,regionprofile,0.000335147,0.000335147,0.000335147,0.000335147,36.0,36.0,36.0,36.0,0.000335147,0.000335147,0.000335147,0.000335147,Kokkos::Tools::invoke_kokkosp_callback: Kokkos Profile Tool Fence
"{'name': 'Kokkos::ViewFill-1D', 'type': 'function'}",1024118826,236.0,regionprofile,0.000464166,0.000464166,0.000464166,0.000464166,5.0,5.0,5.0,5.0,0.000194918,0.000194918,0.000194918,0.000194918,Kokkos::ViewFill-1D
"{'name': 'Kokkos::Tools::invoke_kokkosp_callback: Kokkos Profile Tool Fence', 'type': 'function'}",1024118826,237.0,regionprofile,0.000269248,0.000269248,0.000269248,0.000269248,15.0,15.0,15.0,15.0,0.000269248,0.000269248,0.000269248,0.000269248,Kokkos::Tools::invoke_kokkosp_callback: Kokkos Profile Tool Fence
"{'name': 'SharedAllocationRecord<Kokkos::CudaSpace, void>::SharedAllocationRecord(): fence after copying header from HostSpace', 'type': 'function'}",1024118826,238.0,regionprofile,1.6507e-05,1.6507e-05,1.6507e-05,1.6507e-05,1.0,1.0,1.0,1.0,1.6507e-05,1.6507e-05,1.6507e-05,1.6507e-05,"SharedAllocationRecord<Kokkos::CudaSpace, void>::SharedAllocationRecord(): fence after copying header from HostSpace"
"{'name': 'Kokkos::View::initialization [Write counter] via memset', 'type': 'function'}",1024118826,239.0,regionprofile,6.8118e-05,6.8118e-05,6.8118e-05,6.8118e-05,1.0,1.0,1.0,1.0,3.8104e-05,3.8104e-05,3.8104e-05,3.8104e-05,Kokkos::View::initialization [Write counter] via memset
"{'name': 'Kokkos::Tools::invoke_kokkosp_callback: Kokkos Profile Tool Fence', 'type': 'function'}",1024118826,240.0,regionprofile,3.0014e-05,3.0014e-05,3.0014e-05,3.0014e-05,3.0,3.0,3.0,3.0,3.0014e-05,3.0014e-05,3.0014e-05,3.0014e-05,Kokkos::Tools::invoke_kokkosp_callback: Kokkos Profile Tool Fence
"{'name': 'Kokkos::Impl::ViewValueFunctor: View init/destroy fence', 'type': 'function'}",1024118826,241.0,regionprofile,2.0907e-05,2.0907e-05,2.0907e-05,2.0907e-05,2.0,2.0,2.0,2.0,2.0907e-05,2.0907e-05,2.0907e-05,2.0907e-05,Kokkos::Impl::ViewValueFunctor: View init/destroy fence
"{'name': 'Kokkos::View::initialization [Write counter_mirror] via memset', 'type': 'function'}",1024118826,242.0,regionprofile,7.9035e-05,7.9035e-05,7.9035e-05,7.9035e-05,1.0,1.0,1.0,1.0,4.2384e-05,4.2384e-05,4.2384e-05,4.2384e-05,Kokkos::View::initialization [Write counter_mirror] via memset
"{'name': 'HostSpace fence', 'type': 'function'}",1024118826,243.0,regionprofile,8.451e-06,8.451e-06,8.451e-06,8.451e-06,1.0,1.0,1.0,1.0,8.451e-06,8.451e-06,8.451e-06,8.451e-06,HostSpace fence
"{'name': 'Kokkos::Tools::invoke_kokkosp_callback: Kokkos Profile Tool Fence', 'type': 'function'}",1024118826,244.0,regionprofile,2.82e-05,2.82e-05,2.82e-05,2.82e-05,3.0,3.0,3.0,3.0,2.82e-05,2.82e-05,2.82e-05,2.82e-05,Kokkos::Tools::invoke_kokkosp_callback: Kokkos Profile Tool Fence
"{'name': 'Kokkos::View::initialization [Nodes] via memset', 'type': 'function'}",1024118826,245.0,regionprofile,7.1228e-05,7.1228e-05,7.1228e-05,7.1228e-05,1.0,1.0,1.0,1.0,4.063e-05,4.063e-05,4.063e-05,4.063e-05,Kokkos::View::initialization [Nodes] via memset
"{'name': 'Kokkos::Tools::invoke_kokkosp_callback: Kokkos Profile Tool Fence', 'type': 'function'}",1024118826,246.0,regionprofile,3.0598e-05,3.0598e-05,3.0598e-05,3.0598e-05,3.0,3.0,3.0,3.0,3.0598e-05,3.0598e-05,3.0598e-05,3.0598e-05,Kokkos::Tools::invoke_kokkosp_callback: Kokkos Profile Tool Fence
"{'name': 'Kokkos::ViewCopy-1D', 'type': 'function'}",1024118826,247.0,regionprofile,0.000137149,0.000137149,0.000137149,0.000137149,2.0,2.0,2.0,2.0,7.9057e-05,7.9057e-05,7.9057e-05,7.9057e-05,Kokkos::ViewCopy-1D
"{'name': 'Kokkos::Tools::invoke_kokkosp_callback: Kokkos Profile Tool Fence', 'type': 'function'}",1024118826,248.0,regionprofile,5.8092e-05,5.8092e-05,5.8092e-05,5.8092e-05,6.0,6.0,6.0,6.0,5.8092e-05,5.8092e-05,5.8092e-05,5.8092e-05,Kokkos::Tools::invoke_kokkosp_callback: Kokkos Profile Tool Fence
"{'name': 'Kokkos::resize(View)', 'type': 'function'}",1024118826,249.0,regionprofile,5.5676e-05,5.5676e-05,5.5676e-05,5.5676e-05,6.0,6.0,6.0,6.0,5.5676e-05,5.5676e-05,5.5676e-05,5.5676e-05,Kokkos::resize(View)
"{'name': 'Kokkos::View::initialization [Num chunks for node] via memset', 'type': 'function'}",1024118826,250.0,regionprofile,7.1512e-05,7.1512e-05,7.1512e-05,7.1512e-05,1.0,1.0,1.0,1.0,4.0888e-05,4.0888e-05,4.0888e-05,4.0888e-05,Kokkos::View::initialization [Num chunks for node] via memset
"{'name': 'Kokkos::Tools::invoke_kokkosp_callback: Kokkos Profile Tool Fence', 'type': 'function'}",1024118826,251.0,regionprofile,3.0624e-05,3.0624e-05,3.0624e-05,3.0624e-05,3.0,3.0,3.0,3.0,3.0624e-05,3.0624e-05,3.0624e-05,3.0624e-05,Kokkos::Tools::invoke_kokkosp_callback: Kokkos Profile Tool Fence
"{'name': 'Restore diff 1:Load maps', 'type': 'function'}",1024118826,252.0,regionprofile,0.00787103,0.00787103,0.00787103,0.00787103,1.0,1.0,1.0,1.0,0.000350782,0.000350782,0.000350782,0.000350782,Restore diff 1:Load maps
"{'name': 'Kokkos::Tools::invoke_kokkosp_callback: Kokkos Profile Tool Fence', 'type': 'function'}",1024118826,253.0,regionprofile,0.000224662,0.000224662,0.000224662,0.000224662,24.0,24.0,24.0,24.0,0.000224662,0.000224662,0.000224662,0.000224662,Kokkos::Tools::invoke_kokkosp_callback: Kokkos Profile Tool Fence
"{'name': 'Restore diff 1:Calculate num chunks', 'type': 'function'}",1024118826,254.0,regionprofile,9.2989e-05,9.2989e-05,9.2989e-05,9.2989e-05,1.0,1.0,1.0,1.0,6.1639e-05,6.1639e-05,6.1639e-05,6.1639e-05,Restore diff 1:Calculate num chunks
"{'name': 'Kokkos::Tools::invoke_kokkosp_callback: Kokkos Profile Tool Fence', 'type': 'function'}",1024118826,255.0,regionprofile,3.135e-05,3.135e-05,3.135e-05,3.135e-05,3.0,3.0,3.0,3.0,3.135e-05,3.135e-05,3.135e-05,3.135e-05,Kokkos::Tools::invoke_kokkosp_callback: Kokkos Profile Tool Fence
"{'name': 'Restore diff 1:Calc offsets', 'type': 'function'}",1024118826,256.0,regionprofile,0.000129482,0.000129482,0.000129482,0.000129482,1.0,1.0,1.0,1.0,9.8124e-05,9.8124e-05,9.8124e-05,9.8124e-05,Restore diff 1:Calc offsets
"{'name': 'Kokkos::Tools::invoke_kokkosp_callback: Kokkos Profile Tool Fence', 'type': 'function'}",1024118826,257.0,regionprofile,3.1358e-05,3.1358e-05,3.1358e-05,3.1358e-05,3.0,3.0,3.0,3.0,3.1358e-05,3.1358e-05,3.1358e-05,3.1358e-05,Kokkos::Tools::invoke_kokkosp_callback: Kokkos Profile Tool Fence
"{'name': 'Restore diff 1:Restart Hashtree distinct', 'type': 'function'}",1024118826,258.0,regionprofile,0.00172655,0.00172655,0.00172655,0.00172655,1.0,1.0,1.0,1.0,5.8086e-05,5.8086e-05,5.8086e-05,5.8086e-05,Restore diff 1:Restart Hashtree distinct
"{'name': 'Kokkos::Tools::invoke_kokkosp_callback: Kokkos Profile Tool Fence', 'type': 'function'}",1024118826,259.0,regionprofile,0.00166846,0.00166846,0.00166846,0.00166846,3.0,3.0,3.0,3.0,0.00166846,0.00166846,0.00166846,0.00166846,Kokkos::Tools::invoke_kokkosp_callback: Kokkos Profile Tool Fence
"{'name': 'SharedAllocationRecord<Kokkos::CudaSpace, void>::SharedAllocationRecord(): fence after copying header from HostSpace', 'type': 'function'}",1024118826,260.0,regionprofile,1.5134e-05,1.5134e-05,1.5134e-05,1.5134e-05,1.0,1.0,1.0,1.0,1.5134e-05,1.5134e-05,1.5134e-05,1.5134e-05,"SharedAllocationRecord<Kokkos::CudaSpace, void>::SharedAllocationRecord(): fence after copying header from HostSpace"
"{'name': 'Kokkos::View::initialization [Repeat entires per diff] via memset', 'type': 'function'}",1024118826,261.0,regionprofile,6.7831e-05,6.7831e-05,6.7831e-05,6.7831e-05,1.0,1.0,1.0,1.0,3.7963e-05,3.7963e-05,3.7963e-05,3.7963e-05,Kokkos::View::initialization [Repeat entires per diff] via memset
"{'name': 'Kokkos::Tools::invoke_kokkosp_callback: Kokkos Profile Tool Fence', 'type': 'function'}",1024118826,262.0,regionprofile,2.9868e-05,2.9868e-05,2.9868e-05,2.9868e-05,3.0,3.0,3.0,3.0,2.9868e-05,2.9868e-05,2.9868e-05,2.9868e-05,Kokkos::Tools::invoke_kokkosp_callback: Kokkos Profile Tool Fence
"{'name': 'Kokkos::Impl::ViewValueFunctor: View init/destroy fence', 'type': 'function'}",1024118826,263.0,regionprofile,1.363e-05,1.363e-05,1.363e-05,1.363e-05,1.0,1.0,1.0,1.0,1.363e-05,1.363e-05,1.363e-05,1.363e-05,Kokkos::Impl::ViewValueFunctor: View init/destroy fence
"{'name': 'Restore diff 1:Load repeat map', 'type': 'function'}",1024118826,264.0,regionprofile,8.7289e-05,8.7289e-05,8.7289e-05,8.7289e-05,1.0,1.0,1.0,1.0,5.6216e-05,5.6216e-05,5.6216e-05,5.6216e-05,Restore diff 1:Load repeat map
"{'name': 'Kokkos::Tools::invoke_kokkosp_callback: Kokkos Profile Tool Fence', 'type': 'function'}",1024118826,265.0,regionprofile,3.1073e-05,3.1073e-05,3.1073e-05,3.1073e-05,3.0,3.0,3.0,3.0,3.1073e-05,3.1073e-05,3.1073e-05,3.1073e-05,Kokkos::Tools::invoke_kokkosp_callback: Kokkos Profile Tool Fence
"{'name': 'Restore diff 1:Repeat offsets', 'type': 'function'}",1024118826,266.0,regionprofile,0.000111369,0.000111369,0.000111369,0.000111369,1.0,1.0,1.0,1.0,7.9834e-05,7.9834e-05,7.9834e-05,7.9834e-05,Restore diff 1:Repeat offsets
"{'name': 'Kokkos::Tools::invoke_kokkosp_callback: Kokkos Profile Tool Fence', 'type': 'function'}",1024118826,267.0,regionprofile,3.1535e-05,3.1535e-05,3.1535e-05,3.1535e-05,3.0,3.0,3.0,3.0,3.1535e-05,3.1535e-05,3.1535e-05,3.1535e-05,Kokkos::Tools::invoke_kokkosp_callback: Kokkos Profile Tool Fence
"{'name': 'Restore diff 1:Restart Hash tree repeats middle diffs', 'type': 'function'}",1024118826,268.0,regionprofile,0.00505131,0.00505131,0.00505131,0.00505131,1.0,1.0,1.0,1.0,5.8894e-05,5.8894e-05,5.8894e-05,5.8894e-05,Restore diff 1:Restart Hash tree repeats middle diffs
"{'name': 'Kokkos::Tools::invoke_kokkosp_callback: Kokkos Profile Tool Fence', 'type': 'function'}",1024118826,269.0,regionprofile,0.00499242,0.00499242,0.00499242,0.00499242,3.0,3.0,3.0,3.0,0.00499242,0.00499242,0.00499242,0.00499242,Kokkos::Tools::invoke_kokkosp_callback: Kokkos Profile Tool Fence
"{'name': 'Restore diff 1:Fill chunks', 'type': 'function'}",1024118826,270.0,regionprofile,0.00399035,0.00399035,0.00399035,0.00399035,1.0,1.0,1.0,1.0,0.000262114,0.000262114,0.000262114,0.000262114,Restore diff 1:Fill chunks
"{'name': 'Kokkos::deep_copy: scalar copy, pre copy fence', 'type': 'function'}",1024118826,271.0,regionprofile,5.6539e-05,5.6539e-05,5.6539e-05,5.6539e-05,6.0,6.0,6.0,6.0,5.6539e-05,5.6539e-05,5.6539e-05,5.6539e-05,"Kokkos::deep_copy: scalar copy, pre copy fence"
"{'name': 'Kokkos::deep_copy: scalar copy, post copy fence', 'type': 'function'}",1024118826,272.0,regionprofile,5.6243e-05,5.6243e-05,5.6243e-05,5.6243e-05,6.0,6.0,6.0,6.0,5.6243e-05,5.6243e-05,5.6243e-05,5.6243e-05,"Kokkos::deep_copy: scalar copy, post copy fence"
"{'name': 'Kokkos::Tools::invoke_kokkosp_callback: Kokkos Profile Tool Fence', 'type': 'function'}",1024118826,273.0,regionprofile,5.5683e-05,5.5683e-05,5.5683e-05,5.5683e-05,6.0,6.0,6.0,6.0,5.5683e-05,5.5683e-05,5.5683e-05,5.5683e-05,Kokkos::Tools::invoke_kokkosp_callback: Kokkos Profile Tool Fence
"{'name': 'Restore diff 1:Fill data middle diffs', 'type': 'function'}",1024118826,274.0,regionprofile,0.00350061,0.00350061,0.00350061,0.00350061,1.0,1.0,1.0,1.0,6.0047e-05,6.0047e-05,6.0047e-05,6.0047e-05,Restore diff 1:Fill data middle diffs
"{'name': 'Kokkos::Tools::invoke_kokkosp_callback: Kokkos Profile Tool Fence', 'type': 'function'}",1024118826,275.0,regionprofile,0.00344056,0.00344056,0.00344056,0.00344056,3.0,3.0,3.0,3.0,0.00344056,0.00344056,0.00344056,0.00344056,Kokkos::Tools::invoke_kokkosp_callback: Kokkos Profile Tool Fence
"{'name': 'Kokkos::deep_copy: copy between contiguous views, pre view equality check', 'type': 'function'}",1024118826,276.0,regionprofile,2.9364e-05,2.9364e-05,2.9364e-05,2.9364e-05,3.0,3.0,3.0,3.0,2.9364e-05,2.9364e-05,2.9364e-05,2.9364e-05,"Kokkos::deep_copy: copy between contiguous views, pre view equality check"
"{'name': 'Kokkos::deep_copy: copy between contiguous views, post deep copy fence', 'type': 'function'}",1024118826,277.0,regionprofile,2.9801e-05,2.9801e-05,2.9801e-05,2.9801e-05,3.0,3.0,3.0,3.0,2.9801e-05,2.9801e-05,2.9801e-05,2.9801e-05,"Kokkos::deep_copy: copy between contiguous views, post deep copy fence"
"{'name': 'Restore diff 0', 'type': 'function'}",1024118826,278.0,regionprofile,0.303545,0.303545,0.303545,0.303545,1.0,1.0,1.0,1.0,0.000167175,0.000167175,0.000167175,0.000167175,Restore diff 0
"{'name': 'Kokkos::Tools::invoke_kokkosp_callback: Kokkos Profile Tool Fence', 'type': 'function'}",1024118826,279.0,regionprofile,0.000138662,0.000138662,0.000138662,0.000138662,15.0,15.0,15.0,15.0,0.000138662,0.000138662,0.000138662,0.000138662,Kokkos::Tools::invoke_kokkosp_callback: Kokkos Profile Tool Fence
"{'name': 'Restore diff 0:Read diff', 'type': 'function'}",1024118826,280.0,regionprofile,0.0241479,0.0241479,0.0241479,0.0241479,1.0,1.0,1.0,1.0,0.019802,0.019802,0.019802,0.019802,Restore diff 0:Read diff
"{'name': 'Kokkos::Tools::invoke_kokkosp_callback: Kokkos Profile Tool Fence', 'type': 'function'}",1024118826,281.0,regionprofile,9.0752e-05,9.0752e-05,9.0752e-05,9.0752e-05,9.0,9.0,9.0,9.0,9.0752e-05,9.0752e-05,9.0752e-05,9.0752e-05,Kokkos::Tools::invoke_kokkosp_callback: Kokkos Profile Tool Fence
"{'name': 'Kokkos::View::initialization [Buffer] via memset', 'type': 'function'}",1024118826,282.0,regionprofile,0.00123294,0.00123294,0.00123294,0.00123294,1.0,1.0,1.0,1.0,4.2613e-05,4.2613e-05,4.2613e-05,4.2613e-05,Kokkos::View::initialization [Buffer] via memset
"{'name': 'Kokkos::Tools::invoke_kokkosp_callback: Kokkos Profile Tool Fence', 'type': 'function'}",1024118826,283.0,regionprofile,0.00119033,0.00119033,0.00119033,0.00119033,3.0,3.0,3.0,3.0,0.00119033,0.00119033,0.00119033,0.00119033,Kokkos::Tools::invoke_kokkosp_callback: Kokkos Profile Tool Fence
"{'name': 'Kokkos::ViewCopy-1D', 'type': 'function'}",1024118826,284.0,regionprofile,0.00299249,0.00299249,0.00299249,0.00299249,1.0,1.0,1.0,1.0,4.3781e-05,4.3781e-05,4.3781e-05,4.3781e-05,Kokkos::ViewCopy-1D
"{'name': 'Kokkos::Tools::invoke_kokkosp_callback: Kokkos Profile Tool Fence', 'type': 'function'}",1024118826,285.0,regionprofile,0.00294871,0.00294871,0.00294871,0.00294871,3.0,3.0,3.0,3.0,0.00294871,0.00294871,0.00294871,0.00294871,Kokkos::Tools::invoke_kokkosp_callback: Kokkos Profile Tool Fence
"{'name': 'Kokkos::resize(View)', 'type': 'function'}",1024118826,286.0,regionprofile,2.9694e-05,2.9694e-05,2.9694e-05,2.9694e-05,3.0,3.0,3.0,3.0,2.9694e-05,2.9694e-05,2.9694e-05,2.9694e-05,Kokkos::resize(View)
"{'name': 'Restore diff 0:Setup', 'type': 'function'}",1024118826,287.0,regionprofile,0.080212,0.080212,0.080212,0.080212,1.0,1.0,1.0,1.0,0.0770409,0.0770409,0.0770409,0.0770409,Restore diff 0:Setup
"{'name': 'Kokkos::deep_copy: copy between contiguous views, pre view equality check', 'type': 'function'}",1024118826,288.0,regionprofile,2.9524e-05,2.9524e-05,2.9524e-05,2.9524e-05,3.0,3.0,3.0,3.0,2.9524e-05,2.9524e-05,2.9524e-05,2.9524e-05,"Kokkos::deep_copy: copy between contiguous views, pre view equality check"
"{'name': 'Kokkos::deep_copy: copy between contiguous views, post deep copy fence', 'type': 'function'}",1024118826,289.0,regionprofile,5.5635e-05,5.5635e-05,5.5635e-05,5.5635e-05,3.0,3.0,3.0,3.0,5.5635e-05,5.5635e-05,5.5635e-05,5.5635e-05,"Kokkos::deep_copy: copy between contiguous views, post deep copy fence"
"{'name': 'Kokkos::Cuda: backend fence before async free', 'type': 'function'}",1024118826,290.0,regionprofile,4.2235e-05,4.2235e-05,4.2235e-05,4.2235e-05,3.0,3.0,3.0,3.0,4.2235e-05,4.2235e-05,4.2235e-05,4.2235e-05,Kokkos::Cuda: backend fence before async free
"{'name': 'Kokkos::Cuda: backend fence after async free', 'type': 'function'}",1024118826,291.0,regionprofile,0.00110852,0.00110852,0.00110852,0.00110852,3.0,3.0,3.0,3.0,0.00110852,0.00110852,0.00110852,0.00110852,Kokkos::Cuda: backend fence after async free
"{'name': 'Kokkos::deep_copy: scalar copy, pre copy fence', 'type': 'function'}",1024118826,292.0,regionprofile,0.000304747,0.000304747,0.000304747,0.000304747,33.0,33.0,33.0,33.0,0.000304747,0.000304747,0.000304747,0.000304747,"Kokkos::deep_copy: scalar copy, pre copy fence"
"{'name': 'Kokkos::deep_copy: scalar copy, post copy fence', 'type': 'function'}",1024118826,293.0,regionprofile,0.000305337,0.000305337,0.000305337,0.000305337,33.0,33.0,33.0,33.0,0.000305337,0.000305337,0.000305337,0.000305337,"Kokkos::deep_copy: scalar copy, post copy fence"
"{'name': 'Kokkos::Tools::invoke_kokkosp_callback: Kokkos Profile Tool Fence', 'type': 'function'}",1024118826,294.0,regionprofile,0.000338042,0.000338042,0.000338042,0.000338042,36.0,36.0,36.0,36.0,0.000338042,0.000338042,0.000338042,0.000338042,Kokkos::Tools::invoke_kokkosp_callback: Kokkos Profile Tool Fence
"{'name': 'Kokkos::ViewFill-1D', 'type': 'function'}",1024118826,295.0,regionprofile,0.000465653,0.000465653,0.000465653,0.000465653,5.0,5.0,5.0,5.0,0.000195303,0.000195303,0.000195303,0.000195303,Kokkos::ViewFill-1D
"{'name': 'Kokkos::Tools::invoke_kokkosp_callback: Kokkos Profile Tool Fence', 'type': 'function'}",1024118826,296.0,regionprofile,0.00027035,0.00027035,0.00027035,0.00027035,15.0,15.0,15.0,15.0,0.00027035,0.00027035,0.00027035,0.00027035,Kokkos::Tools::invoke_kokkosp_callback: Kokkos Profile Tool Fence
"{'name': 'SharedAllocationRecord<Kokkos::CudaSpace, void>::SharedAllocationRecord(): fence after copying header from HostSpace', 'type': 'function'}",1024118826,297.0,regionprofile,1.7007e-05,1.7007e-05,1.7007e-05,1.7007e-05,1.0,1.0,1.0,1.0,1.7007e-05,1.7007e-05,1.7007e-05,1.7007e-05,"SharedAllocationRecord<Kokkos::CudaSpace, void>::SharedAllocationRecord(): fence after copying header from HostSpace"
"{'name': 'Kokkos::View::initialization [Write counter] via memset', 'type': 'function'}",1024118826,298.0,regionprofile,7.3323e-05,7.3323e-05,7.3323e-05,7.3323e-05,1.0,1.0,1.0,1.0,4.0814e-05,4.0814e-05,4.0814e-05,4.0814e-05,Kokkos::View::initialization [Write counter] via memset
"{'name': 'Kokkos::Tools::invoke_kokkosp_callback: Kokkos Profile Tool Fence', 'type': 'function'}",1024118826,299.0,regionprofile,3.2509e-05,3.2509e-05,3.2509e-05,3.2509e-05,3.0,3.0,3.0,3.0,3.2509e-05,3.2509e-05,3.2509e-05,3.2509e-05,Kokkos::Tools::invoke_kokkosp_callback: Kokkos Profile Tool Fence
"{'name': 'Kokkos::Impl::ViewValueFunctor: View init/destroy fence', 'type': 'function'}",1024118826,300.0,regionprofile,2.2249e-05,2.2249e-05,2.2249e-05,2.2249e-05,2.0,2.0,2.0,2.0,2.2249e-05,2.2249e-05,2.2249e-05,2.2249e-05,Kokkos::Impl::ViewValueFunctor: View init/destroy fence
"{'name': 'Kokkos::View::initialization [Write counter_mirror] via memset', 'type': 'function'}",1024118826,301.0,regionprofile,7.8633e-05,7.8633e-05,7.8633e-05,7.8633e-05,1.0,1.0,1.0,1.0,4.178e-05,4.178e-05,4.178e-05,4.178e-05,Kokkos::View::initialization [Write counter_mirror] via memset
"{'name': 'HostSpace fence', 'type': 'function'}",1024118826,302.0,regionprofile,8.558e-06,8.558e-06,8.558e-06,8.558e-06,1.0,1.0,1.0,1.0,8.558e-06,8.558e-06,8.558e-06,8.558e-06,HostSpace fence
"{'name': 'Kokkos::Tools::invoke_kokkosp_callback: Kokkos Profile Tool Fence', 'type': 'function'}",1024118826,303.0,regionprofile,2.8295e-05,2.8295e-05,2.8295e-05,2.8295e-05,3.0,3.0,3.0,3.0,2.8295e-05,2.8295e-05,2.8295e-05,2.8295e-05,Kokkos::Tools::invoke_kokkosp_callback: Kokkos Profile Tool Fence
"{'name': 'Kokkos::View::initialization [Nodes] via memset', 'type': 'function'}",1024118826,304.0,regionprofile,6.7988e-05,6.7988e-05,6.7988e-05,6.7988e-05,1.0,1.0,1.0,1.0,3.7945e-05,3.7945e-05,3.7945e-05,3.7945e-05,Kokkos::View::initialization [Nodes] via memset
"{'name': 'Kokkos::Tools::invoke_kokkosp_callback: Kokkos Profile Tool Fence', 'type': 'function'}",1024118826,305.0,regionprofile,3.0043e-05,3.0043e-05,3.0043e-05,3.0043e-05,3.0,3.0,3.0,3.0,3.0043e-05,3.0043e-05,3.0043e-05,3.0043e-05,Kokkos::Tools::invoke_kokkosp_callback: Kokkos Profile Tool Fence
"{'name': 'Kokkos::ViewCopy-1D', 'type': 'function'}",1024118826,306.0,regionprofile,0.000138471,0.000138471,0.000138471,0.000138471,2.0,2.0,2.0,2.0,7.9612e-05,7.9612e-05,7.9612e-05,7.9612e-05,Kokkos::ViewCopy-1D
"{'name': 'Kokkos::Tools::invoke_kokkosp_callback: Kokkos Profile Tool Fence', 'type': 'function'}",1024118826,307.0,regionprofile,5.8859e-05,5.8859e-05,5.8859e-05,5.8859e-05,6.0,6.0,6.0,6.0,5.8859e-05,5.8859e-05,5.8859e-05,5.8859e-05,Kokkos::Tools::invoke_kokkosp_callback: Kokkos Profile Tool Fence
"{'name': 'Kokkos::resize(View)', 'type': 'function'}",1024118826,308.0,regionprofile,5.5354e-05,5.5354e-05,5.5354e-05,5.5354e-05,6.0,6.0,6.0,6.0,5.5354e-05,5.5354e-05,5.5354e-05,5.5354e-05,Kokkos::resize(View)
"{'name': 'Kokkos::View::initialization [Num chunks for node] via memset', 'type': 'function'}",1024118826,309.0,regionprofile,6.8356e-05,6.8356e-05,6.8356e-05,6.8356e-05,1.0,1.0,1.0,1.0,3.8319e-05,3.8319e-05,3.8319e-05,3.8319e-05,Kokkos::View::initialization [Num chunks for node] via memset
"{'name': 'Kokkos::Tools::invoke_kokkosp_callback: Kokkos Profile Tool Fence', 'type': 'function'}",1024118826,310.0,regionprofile,3.0037e-05,3.0037e-05,3.0037e-05,3.0037e-05,3.0,3.0,3.0,3.0,3.0037e-05,3.0037e-05,3.0037e-05,3.0037e-05,Kokkos::Tools::invoke_kokkosp_callback: Kokkos Profile Tool Fence
"{'name': 'Restore diff 0:Load maps', 'type': 'function'}",1024118826,311.0,regionprofile,0.193805,0.193805,0.193805,0.193805,1.0,1.0,1.0,1.0,0.00035322,0.00035322,0.00035322,0.00035322,Restore diff 0:Load maps
"{'name': 'Kokkos::Tools::invoke_kokkosp_callback: Kokkos Profile Tool Fence', 'type': 'function'}",1024118826,312.0,regionprofile,0.000225522,0.000225522,0.000225522,0.000225522,24.0,24.0,24.0,24.0,0.000225522,0.000225522,0.000225522,0.000225522,Kokkos::Tools::invoke_kokkosp_callback: Kokkos Profile Tool Fence
"{'name': 'Restore diff 0:Calculate num chunks', 'type': 'function'}",1024118826,313.0,regionprofile,9.4629e-05,9.4629e-05,9.4629e-05,9.4629e-05,1.0,1.0,1.0,1.0,6.3261e-05,6.3261e-05,6.3261e-05,6.3261e-05,Restore diff 0:Calculate num chunks
"{'name': 'Kokkos::Tools::invoke_kokkosp_callback: Kokkos Profile Tool Fence', 'type': 'function'}",1024118826,314.0,regionprofile,3.1368e-05,3.1368e-05,3.1368e-05,3.1368e-05,3.0,3.0,3.0,3.0,3.1368e-05,3.1368e-05,3.1368e-05,3.1368e-05,Kokkos::Tools::invoke_kokkosp_callback: Kokkos Profile Tool Fence
"{'name': 'Restore diff 0:Calc offsets', 'type': 'function'}",1024118826,315.0,regionprofile,0.00011437,0.00011437,0.00011437,0.00011437,1.0,1.0,1.0,1.0,8.3096e-05,8.3096e-05,8.3096e-05,8.3096e-05,Restore diff 0:Calc offsets
"{'name': 'Kokkos::Tools::invoke_kokkosp_callback: Kokkos Profile Tool Fence', 'type': 'function'}",1024118826,316.0,regionprofile,3.1274e-05,3.1274e-05,3.1274e-05,3.1274e-05,3.0,3.0,3.0,3.0,3.1274e-05,3.1274e-05,3.1274e-05,3.1274e-05,Kokkos::Tools::invoke_kokkosp_callback: Kokkos Profile Tool Fence
"{'name': 'Restore diff 0:Restart Hashtree distinct', 'type': 'function'}",1024118826,317.0,regionprofile,0.192662,0.192662,0.192662,0.192662,1.0,1.0,1.0,1.0,5.8464e-05,5.8464e-05,5.8464e-05,5.8464e-05,Restore diff 0:Restart Hashtree distinct
"{'name': 'Kokkos::Tools::invoke_kokkosp_callback: Kokkos Profile Tool Fence', 'type': 'function'}",1024118826,318.0,regionprofile,0.192604,0.192604,0.192604,0.192604,3.0,3.0,3.0,3.0,0.192604,0.192604,0.192604,0.192604,Kokkos::Tools::invoke_kokkosp_callback: Kokkos Profile Tool Fence
"{'name': 'SharedAllocationRecord<Kokkos::CudaSpace, void>::SharedAllocationRecord(): fence after copying header from HostSpace', 'type': 'function'}",1024118826,319.0,regionprofile,1.5675e-05,1.5675e-05,1.5675e-05,1.5675e-05,1.0,1.0,1.0,1.0,1.5675e-05,1.5675e-05,1.5675e-05,1.5675e-05,"SharedAllocationRecord<Kokkos::CudaSpace, void>::SharedAllocationRecord(): fence after copying header from HostSpace"
"{'name': 'Kokkos::View::initialization [Repeat entires per diff] via memset', 'type': 'function'}",1024118826,320.0,regionprofile,8.3067e-05,8.3067e-05,8.3067e-05,8.3067e-05,1.0,1.0,1.0,1.0,5.2373e-05,5.2373e-05,5.2373e-05,5.2373e-05,Kokkos::View::initialization [Repeat entires per diff] via memset
"{'name': 'Kokkos::Tools::invoke_kokkosp_callback: Kokkos Profile Tool Fence', 'type': 'function'}",1024118826,321.0,regionprofile,3.0694e-05,3.0694e-05,3.0694e-05,3.0694e-05,3.0,3.0,3.0,3.0,3.0694e-05,3.0694e-05,3.0694e-05,3.0694e-05,Kokkos::Tools::invoke_kokkosp_callback: Kokkos Profile Tool Fence
"{'name': 'Kokkos::Impl::ViewValueFunctor: View init/destroy fence', 'type': 'function'}",1024118826,322.0,regionprofile,1.389e-05,1.389e-05,1.389e-05,1.389e-05,1.0,1.0,1.0,1.0,1.389e-05,1.389e-05,1.389e-05,1.389e-05,Kokkos::Impl::ViewValueFunctor: View init/destroy fence
"{'name': 'Restore diff 0:Load repeat map', 'type': 'function'}",1024118826,323.0,regionprofile,6.3869e-05,6.3869e-05,6.3869e-05,6.3869e-05,1.0,1.0,1.0,1.0,3.4487e-05,3.4487e-05,3.4487e-05,3.4487e-05,Restore diff 0:Load repeat map
"{'name': 'Kokkos::Tools::invoke_kokkosp_callback: Kokkos Profile Tool Fence', 'type': 'function'}",1024118826,324.0,regionprofile,2.9382e-05,2.9382e-05,2.9382e-05,2.9382e-05,3.0,3.0,3.0,3.0,2.9382e-05,2.9382e-05,2.9382e-05,2.9382e-05,Kokkos::Tools::invoke_kokkosp_callback: Kokkos Profile Tool Fence
"{'name': 'Restore diff 0:Repeat offsets', 'type': 'function'}",1024118826,325.0,regionprofile,0.000111812,0.000111812,0.000111812,0.000111812,1.0,1.0,1.0,1.0,8.0276e-05,8.0276e-05,8.0276e-05,8.0276e-05,Restore diff 0:Repeat offsets
"{'name': 'Kokkos::Tools::invoke_kokkosp_callback: Kokkos Profile Tool Fence', 'type': 'function'}",1024118826,326.0,regionprofile,3.1536e-05,3.1536e-05,3.1536e-05,3.1536e-05,3.0,3.0,3.0,3.0,3.1536e-05,3.1536e-05,3.1536e-05,3.1536e-05,Kokkos::Tools::invoke_kokkosp_callback: Kokkos Profile Tool Fence
"{'name': 'Restore diff 0:Restart Hash tree repeats middle diffs', 'type': 'function'}",1024118826,327.0,regionprofile,6.6892e-05,6.6892e-05,6.6892e-05,6.6892e-05,1.0,1.0,1.0,1.0,3.729e-05,3.729e-05,3.729e-05,3.729e-05,Restore diff 0:Restart Hash tree repeats middle diffs
"{'name': 'Kokkos::Tools::invoke_kokkosp_callback: Kokkos Profile Tool Fence', 'type': 'function'}",1024118826,328.0,regionprofile,2.9602e-05,2.9602e-05,2.9602e-05,2.9602e-05,3.0,3.0,3.0,3.0,2.9602e-05,2.9602e-05,2.9602e-05,2.9602e-05,Kokkos::Tools::invoke_kokkosp_callback: Kokkos Profile Tool Fence
"{'name': 'Restore diff 0:Fill chunks', 'type': 'function'}",1024118826,329.0,regionprofile,0.00507441,0.00507441,0.00507441,0.00507441,1.0,1.0,1.0,1.0,0.000263663,0.000263663,0.000263663,0.000263663,Restore diff 0:Fill chunks
"{'name': 'Kokkos::deep_copy: scalar copy, pre copy fence', 'type': 'function'}",1024118826,330.0,regionprofile,5.6908e-05,5.6908e-05,5.6908e-05,5.6908e-05,6.0,6.0,6.0,6.0,5.6908e-05,5.6908e-05,5.6908e-05,5.6908e-05,"Kokkos::deep_copy: scalar copy, pre copy fence"
"{'name': 'Kokkos::deep_copy: scalar copy, post copy fence', 'type': 'function'}",1024118826,331.0,regionprofile,5.6552e-05,5.6552e-05,5.6552e-05,5.6552e-05,6.0,6.0,6.0,6.0,5.6552e-05,5.6552e-05,5.6552e-05,5.6552e-05,"Kokkos::deep_copy: scalar copy, post copy fence"
"{'name': 'Kokkos::Tools::invoke_kokkosp_callback: Kokkos Profile Tool Fence', 'type': 'function'}",1024118826,332.0,regionprofile,5.5689e-05,5.5689e-05,5.5689e-05,5.5689e-05,6.0,6.0,6.0,6.0,5.5689e-05,5.5689e-05,5.5689e-05,5.5689e-05,Kokkos::Tools::invoke_kokkosp_callback: Kokkos Profile Tool Fence
"{'name': 'Restore diff 0:Fill data middle diffs', 'type': 'function'}",1024118826,333.0,regionprofile,0.00458168,0.00458168,0.00458168,0.00458168,1.0,1.0,1.0,1.0,6.0439e-05,6.0439e-05,6.0439e-05,6.0439e-05,Restore diff 0:Fill data middle diffs
"{'name': 'Kokkos::Tools::invoke_kokkosp_callback: Kokkos Profile Tool Fence', 'type': 'function'}",1024118826,334.0,regionprofile,0.00452124,0.00452124,0.00452124,0.00452124,3.0,3.0,3.0,3.0,0.00452124,0.00452124,0.00452124,0.00452124,Kokkos::Tools::invoke_kokkosp_callback: Kokkos Profile Tool Fence
"{'name': 'Kokkos::deep_copy: copy between contiguous views, pre view equality check', 'type': 'function'}",1024118826,335.0,regionprofile,2.9907e-05,2.9907e-05,2.9907e-05,2.9907e-05,3.0,3.0,3.0,3.0,2.9907e-05,2.9907e-05,2.9907e-05,2.9907e-05,"Kokkos::deep_copy: copy between contiguous views, pre view equality check"
"{'name': 'Kokkos::deep_copy: copy between contiguous views, post deep copy fence', 'type': 'function'}",1024118826,336.0,regionprofile,3.0011e-05,3.0011e-05,3.0011e-05,3.0011e-05,3.0,3.0,3.0,3.0,3.0011e-05,3.0011e-05,3.0011e-05,3.0011e-05,"Kokkos::deep_copy: copy between contiguous views, post deep copy fence"
"{'name': 'Kokkos::fence: Unnamed Global Fence', 'type': 'function'}",1024118826,337.0,regionprofile,2.9835e-05,2.9835e-05,2.9835e-05,2.9835e-05,3.0,3.0,3.0,3.0,2.9835e-05,2.9835e-05,2.9835e-05,2.9835e-05,Kokkos::fence: Unnamed Global Fence
"{'name': 'HostSpace::impl_deallocate before free', 'type': 'function'}",1024118826,339.0,regionprofile,0.000517246,0.000517246,0.000517246,0.000517246,51.0,51.0,51.0,51.0,0.000517246,0.000517246,0.000517246,0.000517246,HostSpace::impl_deallocate before free
"{'name': 'Kokkos::View::destruction [UnorderedMap - values]', 'type': 'function'}",1024118826,341.0,regionprofile,0.000178382,0.000178382,0.000178382,0.000178382,2.0,2.0,2.0,2.0,0.000105347,0.000105347,0.000105347,0.000105347,Kokkos::View::destruction [UnorderedMap - values]
"{'name': 'Kokkos::Tools::invoke_kokkosp_callback: Kokkos Profile Tool Fence', 'type': 'function'}",1024118826,342.0,regionprofile,7.3035e-05,7.3035e-05,7.3035e-05,7.3035e-05,6.0,6.0,6.0,6.0,7.3035e-05,7.3035e-05,7.3035e-05,7.3035e-05,Kokkos::Tools::invoke_kokkosp_callback: Kokkos Profile Tool Fence
"{'name': 'Kokkos::Cuda: backend fence before async free', 'type': 'function'}",1024118826,344.0,regionprofile,0.000202544,0.000202544,0.000202544,0.000202544,14.0,14.0,14.0,14.0,0.000202544,0.000202544,0.000202544,0.000202544,Kokkos::Cuda: backend fence before async free
"{'name': 'Kokkos::Cuda: backend fence after async free', 'type': 'function'}",1024118826,346.0,regionprofile,0.00842424,0.00842424,0.00842424,0.00842424,14.0,14.0,14.0,14.0,0.00842424,0.00842424,0.00842424,0.00842424,Kokkos::Cuda: backend fence after async free
"{'name': 'Kokkos::View::destruction [UnorderedMap - keys]', 'type': 'function'}",1024118826,348.0,regionprofile,0.000161333,0.000161333,0.000161333,0.000161333,2.0,2.0,2.0,2.0,8.7518e-05,8.7518e-05,8.7518e-05,8.7518e-05,Kokkos::View::destruction [UnorderedMap - keys]
"{'name': 'Kokkos::Tools::invoke_kokkosp_callback: Kokkos Profile Tool Fence', 'type': 'function'}",1024118826,349.0,regionprofile,7.3815e-05,7.3815e-05,7.3815e-05,7.3815e-05,6.0,6.0,6.0,6.0,7.3815e-05,7.3815e-05,7.3815e-05,7.3815e-05,Kokkos::Tools::invoke_kokkosp_callback: Kokkos Profile Tool Fence
"{'name': 'Kokkos::View::destruction [List of NodeIDs]', 'type': 'function'}",1024118826,351.0,regionprofile,7.595e-05,7.595e-05,7.595e-05,7.595e-05,1.0,1.0,1.0,1.0,4.4305e-05,4.4305e-05,4.4305e-05,4.4305e-05,Kokkos::View::destruction [List of NodeIDs]
"{'name': 'Kokkos::Tools::invoke_kokkosp_callback: Kokkos Profile Tool Fence', 'type': 'function'}",1024118826,352.0,regionprofile,3.1645e-05,3.1645e-05,3.1645e-05,3.1645e-05,3.0,3.0,3.0,3.0,3.1645e-05,3.1645e-05,3.1645e-05,3.1645e-05,Kokkos::Tools::invoke_kokkosp_callback: Kokkos Profile Tool Fence
"{'name': 'Kokkos::deep_copy: copy between contiguous views, pre view equality check', 'type': 'function'}",1024118826,354.0,regionprofile,3.5566e-05,3.5566e-05,3.5566e-05,3.5566e-05,3.0,3.0,3.0,3.0,3.5566e-05,3.5566e-05,3.5566e-05,3.5566e-05,"Kokkos::deep_copy: copy between contiguous views, pre view equality check"
"{'name': 'Kokkos::deep_copy: copy between contiguous views, post deep copy fence', 'type': 'function'}",1024118826,356.0,regionprofile,5.7587e-05,5.7587e-05,5.7587e-05,5.7587e-05,3.0,3.0,3.0,3.0,5.7587e-05,5.7587e-05,5.7587e-05,5.7587e-05,"Kokkos::deep_copy: copy between contiguous views, post deep copy fence"
